category_id;employee_id;category_name;rating;quantity_sold;total_sold_value
HSO;1760;Minivan;55%;73377;6886887
YDU;2700;Hatchback;86%;61343;4408174
IUE;3998;Sedan;65%;58780;2338213
INJ;3279;Off-Road Vehicle;97%;51530;7989147
WPZ;876;SUV (Sport Utility Vehicle);24%;53540;8226492
MSR;1264;Microcar;77%;23394;6775572
XTQ;920;Electric Car;81%;48082;3279733
TAH;4208;Luxury Car;98%;62932;5983270
ULH;3460;Convertible;13%;44845;3103144
GBI;2281;Electric Car;40%;74669;6135439
PTO;1889;Luxury Car;100%;79216;6951452
GBR;2478;Pickup Truck;41%;85381;3835748
QKH;4091;Pickup Truck;47%;47540;8280787
DCV;2007;Hybrid Car;66%;35920;500169
MFV;2799;Convertible;38%;17225;1726041
YBN;4003;Sedan;35%;24155;6816533
XAP;2393;Sedan;37%;63172;4961340
VGQ;2274;Electric Car;98%;87295;6058227
FJV;1402;Coupe-SUV;77%;25805;9611069
JDM;3227;Hybrid Car;64%;59168;5796936
BCR;1197;Minivan;30%;21743;5967982
XQF;1380;Electric Car;10%;25689;7659489
YFV;4466;Convertible;85%;17755;3762854
AVM;3387;Coupe-SUV;36%;83979;548562
FTS;1271;Off-Road Vehicle;1%;64618;9613261
ONY;4366;Coupe-SUV;30%;13411;9211864
IVC;1592;Convertible;15%;61909;7796164
AZV;1596;Crossover;9%;62808;1066897
PXI;1533;Hatchback;18%;52419;8780561
MLJ;1702;Luxury Car;67%;50594;7544441
RYO;1596;Convertible;76%;25837;8100729
AKO;918;Hybrid Car;95%;46069;3991197
FSM;4329;Coupe-SUV;41%;43696;9950357
OHL;3591;Microcar;5%;36522;318354
QPG;3299;Electric Car;35%;45162;1540158
UCQ;3611;Convertible;14%;61995;3662484
ZXP;4409;Pickup Truck;80%;44469;9623023
FGD;3550;Coupe;93%;87804;1801395
RXW;1193;Electric Car;80%;76114;7074470
VYY;670;Hybrid Car;20%;18790;6054188
DZV;1316;Minivan;61%;14092;285930
LTS;1193;SUV (Sport Utility Vehicle);3%;40021;3770303
FSA;1527;SUV (Sport Utility Vehicle);52%;62692;8138317
PYN;3231;Microcar;74%;91335;7606951
YTW;4578;Hatchback;100%;48627;3735984
WPX;1937;Minivan;47%;25464;1602223
XIQ;4048;SUV (Sport Utility Vehicle);71%;93462;2297662
UMF;3748;Coupe;42%;99054;2442535
UME;1258;Sports Car;34%;79953;1278695
VAF;1229;Coupe-SUV;95%;31811;6893928
OHK;3881;Hatchback;53%;87475;2966289
QMU;4125;Off-Road Vehicle;16%;28221;3843481
OOK;2272;Crossover;88%;30150;3216012
SVS;2587;Luxury Car;96%;98707;4261561
BXI;2683;Convertible;71%;63141;5507569
RHK;4018;Minivan;52%;17494;1647992
NEA;2514;Off-Road Vehicle;90%;24906;1747178
CUK;4256;Crossover;3%;51691;1317273
FWM;1823;Luxury Car;6%;14385;5952240
QWU;3272;Sports Car;39%;77652;9008566
LDF;555;Hatchback;21%;38622;4502779
HZL;3440;Off-Road Vehicle;86%;67925;9708881
TNL;810;Microcar;82%;18817;5906727
KMH;1653;Off-Road Vehicle;13%;48182;8555585
OKJ;3825;Microcar;71%;30659;506807
QDL;1899;Sedan;100%;72985;4309324
MOX;4244;Minivan;37%;40960;3880656
JNV;3859;Luxury Car;26%;50619;4081776
GSJ;1063;Coupe;31%;77693;2115117
CTZ;4057;Hatchback;90%;46995;4308438
TON;1967;Microcar;7%;37625;7311613
FCD;583;Luxury Car;23%;88377;7110016
LUI;2388;Coupe;95%;93144;7512528
WEA;2818;Luxury Car;89%;78717;4232209
XDI;4443;Hybrid Car;14%;62272;5500825
AOQ;922;Pickup Truck;90%;66733;1412560
BKU;1453;Hatchback;12%;96288;1468401
AAV;4260;Hatchback;93%;68491;5111819
QVG;1064;Sedan;19%;89995;956345
UIA;4099;Microcar;73%;54881;8588271
RKP;3151;Sedan;6%;34120;7455812
CBP;2284;Minivan;37%;90959;1660267
YCW;4291;Coupe-SUV;49%;78432;1207055
IJG;3482;Hybrid Car;98%;42484;8015595
ASG;4364;Coupe-SUV;100%;97419;9062288
LVW;3352;Electric Car;98%;72344;7711812
PLK;3985;Hybrid Car;38%;46233;2291169
ZHH;3683;Minivan;39%;91843;1773896
IIC;1554;Coupe;68%;95984;3859427
SWY;1204;SUV (Sport Utility Vehicle);90%;36249;552937
AWJ;581;Minivan;62%;61877;3711871
FDX;2965;Hatchback;13%;29089;6057291
OBD;926;Coupe-SUV;82%;37859;4934953
EWD;3157;Sports Car;54%;85584;5503017
WLX;2474;Coupe;83%;48966;7060703
OIX;996;Off-Road Vehicle;76%;52310;1799787
NTZ;2089;Off-Road Vehicle;20%;85700;8705131
OPD;2076;Hybrid Car;92%;66601;6273050
NIZ;1423;Coupe;97%;18530;4194828
PGU;2261;Off-Road Vehicle;21%;13053;4064827
NOV;3707;Sports Car;87%;56520;8242010
MVC;2021;Microcar;31%;73456;7434706
FKS;3421;Coupe;69%;93385;1136862
TNB;634;Coupe;61%;87346;3672520
FEQ;3479;Coupe;63%;24883;3865953
QCG;3342;Minivan;68%;44409;4828475
YZQ;2969;Pickup Truck;55%;82039;6300594
SJD;1141;Minivan;14%;99222;5454814
WZX;4608;Pickup Truck;63%;33512;528961
TLX;2729;Hybrid Car;4%;55398;7202620
CPF;2177;Sports Car;15%;31725;9727784
ZNI;4250;Microcar;14%;39627;2360345
QGT;3530;Coupe-SUV;2%;73745;2428891
NNE;3928;Hybrid Car;82%;54406;7392094
HSJ;3001;Coupe;47%;26484;4467319
KVZ;1731;Crossover;84%;27520;7884292
AAE;2899;Sports Car;76%;72983;5677107
KIY;3305;Electric Car;45%;48693;6918086
NFM;4650;Hybrid Car;99%;86897;3573764
SHA;2351;Luxury Car;53%;96127;7439841
XGF;1228;Coupe-SUV;59%;64261;6114121
XAV;2395;Pickup Truck;77%;66767;1730917
DXA;2250;Coupe;72%;67735;6425960
BXW;1786;Sedan;71%;40935;9092270
HBX;2262;Pickup Truck;79%;60722;4995610
BTT;3865;Coupe-SUV;47%;76770;9379330
ZMK;4165;Crossover;97%;14648;4951846
XCO;2155;Sports Car;45%;39239;3353576
AZG;1211;Crossover;93%;15719;2316761
FRO;2216;Coupe;38%;67750;361748
WBJ;596;Coupe-SUV;54%;82980;9725195
AYL;4233;Crossover;28%;83977;7435310
MRT;3099;Microcar;84%;60741;2456754
UXF;945;Minivan;97%;51781;8662790
AJE;4651;Electric Car;87%;17240;2868089
XIN;2093;Hybrid Car;97%;22885;9063749
YIE;2770;Convertible;37%;31677;5544077
ZZB;745;Luxury Car;6%;19091;7524852
GMM;4233;Sports Car;40%;69353;3829217
PXK;4524;Sports Car;14%;88071;3564057
EKI;3740;SUV (Sport Utility Vehicle);39%;73186;3015687
GFQ;1086;Coupe-SUV;69%;67090;9447160
XQO;1662;Off-Road Vehicle;61%;49528;4411744
NBL;2275;Coupe-SUV;49%;99939;1739481
MQJ;2239;Coupe;63%;26626;5786997
SLF;2203;Minivan;73%;50954;7123483
EUY;3656;Electric Car;100%;95710;9558918
ANX;766;SUV (Sport Utility Vehicle);24%;92497;1196391
DFD;3808;Pickup Truck;50%;52721;1331817
ROK;1166;Luxury Car;10%;81489;7796908
UDW;2647;Luxury Car;87%;59373;4511501
ZXT;2831;SUV (Sport Utility Vehicle);91%;72860;8083239
AVW;3771;Luxury Car;44%;84682;296787
FAR;2683;Off-Road Vehicle;67%;50961;669056
QIP;3181;Microcar;29%;58107;5789787
QKY;3238;Hybrid Car;26%;90153;3136757
MZH;1157;Minivan;63%;83207;4104882
MHG;3307;Coupe;64%;14873;4431867
DRG;3957;Coupe;52%;22712;5495998
DBI;3107;Coupe-SUV;61%;15902;9809789
FYR;2600;Pickup Truck;18%;62332;8159111
LFL;3900;Off-Road Vehicle;31%;22398;9248405
YZT;1756;Luxury Car;50%;86374;2791482
CBT;1494;Off-Road Vehicle;52%;22712;7150768
LFV;1258;Pickup Truck;36%;17388;9079576
ARM;507;Convertible;13%;82993;7190135
ATB;2354;Pickup Truck;39%;73787;1584208
WWP;1971;Coupe-SUV;45%;44178;1876333
HPB;4303;Electric Car;49%;48004;2151124
LGZ;1294;Hybrid Car;37%;12624;1922549
DZH;3899;Pickup Truck;55%;45565;6165254
LPH;1020;Coupe;23%;50412;702209
ASS;804;Hybrid Car;46%;30723;1102762
LTL;734;Sports Car;17%;96736;1664933
AUY;4022;Sports Car;75%;35306;521603
WHV;1859;Sedan;68%;63225;6877307
BLM;3257;SUV (Sport Utility Vehicle);18%;68974;6617588
RIT;2337;Luxury Car;1%;64409;8965000
LQH;2853;Sports Car;48%;17786;9630880
LAE;1580;SUV (Sport Utility Vehicle);73%;31605;8785993
NEC;1485;Hybrid Car;23%;75519;2867398
PVW;4170;Coupe-SUV;20%;46706;8154351
EAS;1287;Off-Road Vehicle;64%;52403;1125649
YRC;4201;Crossover;62%;76527;8432334
YXK;3330;Coupe;80%;74462;1948822
NZY;2066;Hybrid Car;49%;29248;9318030
JBS;807;Coupe-SUV;26%;26173;8793231
MJS;3909;Sedan;3%;95094;1616566
HKN;2757;Convertible;90%;63751;3162121
ANJ;2238;Crossover;68%;18794;6558987
HDP;4514;Hatchback;26%;38663;4570143
MOH;1976;Luxury Car;53%;17109;9435030
PFP;3630;Sedan;40%;96303;8476929
EOW;4071;Electric Car;1%;30312;5720617
PVD;2692;Electric Car;89%;49528;7104141
DOK;993;Hatchback;40%;69792;4671714
POR;571;Electric Car;88%;68414;5263151
PXE;4230;Electric Car;39%;82361;6101958
CUY;2368;Electric Car;42%;92441;3215428
MXW;1985;Electric Car;35%;18465;376727
IEO;2255;Sedan;19%;94047;1244344
XCP;1540;Luxury Car;52%;76185;880010
ONL;663;Electric Car;60%;15700;4012764
NVE;3906;Microcar;6%;26437;6346855
VOU;1075;SUV (Sport Utility Vehicle);36%;35606;9598275
DSA;1382;Pickup Truck;85%;53836;5543811
KGM;3170;SUV (Sport Utility Vehicle);20%;70469;1815107
RVR;1486;Convertible;43%;27481;6418150
DQI;632;Off-Road Vehicle;7%;66799;6077730
OSM;1173;Coupe;68%;23567;7893336
MWT;3678;Luxury Car;53%;70591;9888269
XYZ;1303;Convertible;30%;83147;8846870
SGI;2096;Hatchback;13%;76619;7424134
ORA;2554;Coupe;32%;35152;9007374
LAH;3702;Hatchback;25%;85862;6577143
DAK;3240;Hatchback;41%;16630;8916873
VCV;4038;Electric Car;34%;27724;834832
KSR;1307;Hatchback;25%;90185;9694143
TQG;1505;SUV (Sport Utility Vehicle);37%;59180;2509592
NOC;581;Sports Car;18%;21264;5074826
KVH;1259;Hatchback;30%;47752;6490558
CIP;2692;Convertible;44%;47009;3001973
YER;3397;Crossover;43%;78270;5529171
TOL;3715;Crossover;44%;77091;1507154
JUL;3773;Hybrid Car;86%;68760;641810
WKB;1264;Crossover;70%;13108;8924789
HXB;1619;Minivan;99%;14906;1735872
AMM;2598;Coupe-SUV;17%;54719;4571595
WYL;3968;SUV (Sport Utility Vehicle);4%;41702;713371
CGZ;1234;Minivan;56%;32448;4517878
OZI;1246;Crossover;94%;36906;5783736
LBW;1180;Microcar;55%;19204;9336325
RDS;4150;Off-Road Vehicle;95%;15044;3320766
SPH;1749;Electric Car;95%;38715;9206858
ZSK;3786;Off-Road Vehicle;25%;36903;3163526
VXB;2805;Minivan;41%;66858;622425
KNW;3231;Sedan;76%;98644;8282445
XLU;1749;Electric Car;58%;92441;9107294
ZRP;4680;Microcar;24%;48052;7663432
ARO;2170;Off-Road Vehicle;93%;66672;3050185
FGP;2718;Off-Road Vehicle;30%;34215;9965199
ZUQ;1816;Coupe;98%;82129;984306
UVY;2214;Hatchback;2%;94993;8376710
CQW;1835;Hatchback;53%;52369;3593605
SCY;509;Microcar;38%;55385;7749761
SNR;3736;Off-Road Vehicle;32%;73333;6293986
CSS;1570;Microcar;77%;85987;8819201
DOS;1879;Sedan;78%;42526;1280374
DPO;909;Hybrid Car;44%;80897;5917128
BMF;3510;Sedan;31%;30277;1505391
XVT;4589;Luxury Car;61%;72060;8899142
MKF;2092;Microcar;21%;45013;1916562
DJQ;3760;Off-Road Vehicle;9%;76859;1603618
UWJ;1860;Sports Car;64%;34952;1048066
WOW;2136;Crossover;35%;47768;977069
TSE;4539;Minivan;81%;29037;3030725
FCV;3811;Microcar;80%;93363;761230
AMZ;836;Minivan;37%;17645;3280443
FEW;4076;Off-Road Vehicle;77%;66505;5849368
FMN;2447;Microcar;27%;60160;9079853
OYY;3412;SUV (Sport Utility Vehicle);25%;91664;2275223
MHT;2781;Off-Road Vehicle;77%;78890;641313
PLE;3541;Pickup Truck;47%;63905;5878030
QBX;3252;Convertible;24%;13888;7347457
KWZ;4458;Hybrid Car;13%;74412;9015161
CDB;3407;Luxury Car;49%;65494;8851839
UUJ;2436;SUV (Sport Utility Vehicle);16%;51004;1793831
CMQ;2189;Microcar;30%;80471;8093725
SEL;2771;Convertible;24%;51624;279348
SDF;790;Microcar;45%;96567;5595891
SMA;1515;Sports Car;10%;78978;3195513
LHC;525;Sedan;67%;53474;4317133
DXR;3092;Coupe;22%;74263;3844935
JBF;2980;Pickup Truck;99%;57181;4433714
OHT;3232;Electric Car;13%;16664;5307546
JJS;1264;Pickup Truck;21%;71225;9873585
VMQ;945;Hybrid Car;1%;27757;6462284
RBB;4563;Microcar;23%;89866;9119276
ERF;1851;Electric Car;28%;17940;9038225
MPT;1553;Hatchback;13%;58145;1347470
LRN;2308;SUV (Sport Utility Vehicle);2%;26795;6796312
FAE;960;Convertible;96%;37968;9020652
NZS;1624;Coupe-SUV;52%;40990;2135513
WUA;4022;Coupe;86%;40066;5063739
WBC;1799;Hybrid Car;51%;22637;4771349
JXK;4165;Coupe;26%;77430;5720053
YZC;1828;Sports Car;63%;77324;3736874
QCR;3029;Off-Road Vehicle;10%;37337;2659474
HTY;4334;Sedan;47%;99493;3002039
QFL;3463;Sedan;31%;19937;6861417
JPD;1044;Convertible;47%;42162;5540168
OSZ;2665;Hybrid Car;95%;57258;7505747
GRI;2621;Sports Car;67%;21219;5677004
HHR;3029;Pickup Truck;28%;50888;8039337
DUT;3971;Pickup Truck;70%;15536;9451473
RNC;2791;Convertible;99%;14135;4649991
HGO;4106;Hybrid Car;58%;93312;6498305
XOZ;3932;Coupe-SUV;83%;51485;2704039
WVH;4566;Hatchback;47%;73249;6293848
JKJ;4367;Microcar;6%;64378;9623893
XLJ;2141;Coupe;46%;90539;8339792
NNJ;500;Convertible;50%;18062;7403713
PQP;3171;Sedan;89%;99603;9807543
KSN;4533;Microcar;22%;92541;5166928
KNH;1222;Convertible;58%;59386;3969463
YTT;2033;SUV (Sport Utility Vehicle);99%;42855;383677
YPR;527;Crossover;18%;42007;9207448
EUT;3640;Luxury Car;42%;81407;3012665
XVS;511;Sports Car;93%;17149;9684021
OOR;1876;Electric Car;12%;36032;3227245
LFP;656;Hybrid Car;60%;65562;1548915
VEU;1308;Pickup Truck;20%;18584;3016331
DXL;1217;Coupe-SUV;36%;95850;2771501
EXX;3063;Sports Car;13%;13316;6571960
EUV;3153;Coupe;22%;52335;4587067
IHG;2644;Sedan;30%;53560;3334008
CHZ;2160;Coupe-SUV;85%;46521;2248800
OCH;4148;Microcar;32%;75937;875411
TJJ;4284;SUV (Sport Utility Vehicle);83%;98478;5325986
OKY;4063;Crossover;33%;44638;1054495
TOR;1143;Hybrid Car;29%;27815;4452858
HIV;2487;Sports Car;69%;47394;9260022
GPL;2076;Crossover;72%;51720;6494726
XKT;3995;Off-Road Vehicle;76%;99777;2712265
ZAS;3659;Minivan;11%;15318;5694525
QVA;1389;Pickup Truck;50%;82052;7651173
KKR;573;Coupe;97%;24494;2389196
DBX;2828;Electric Car;77%;43184;6404359
QKD;3126;Sports Car;75%;34272;9124890
EFA;3307;Sedan;28%;87613;2285867
EOE;1976;Crossover;88%;75965;5860534
WCD;4267;Convertible;35%;41759;716610
UIC;3198;Off-Road Vehicle;100%;81490;5724111
YHM;3931;Hatchback;63%;67004;6875558
ELM;1053;Microcar;41%;17101;8391924
DMU;3726;Coupe-SUV;15%;23671;6425468
UPN;4028;Convertible;59%;23913;1293812
XPZ;3803;Luxury Car;57%;35532;7594802
PNJ;4698;Minivan;67%;16647;5577750
PVC;3046;Microcar;52%;73004;7337625
ICQ;4346;Microcar;57%;87517;5187885
OKO;1417;Sports Car;69%;67344;2035812
HXN;3919;Minivan;84%;92367;1139290
OEC;661;Sports Car;6%;49256;4247294
HVW;4179;Sports Car;95%;76515;4204435
HWK;1619;Convertible;21%;81893;4129830
YDA;3461;Pickup Truck;78%;24004;2873995
LKH;2661;Coupe-SUV;95%;85706;8774586
QAN;1372;Sedan;9%;79590;3279463
THB;3792;Sports Car;75%;69049;3769130
WDW;1502;Off-Road Vehicle;89%;95931;9946645
AQH;3838;Hatchback;92%;49092;2147550
UFF;999;Sedan;52%;36460;1255130
XHS;3008;Hybrid Car;47%;98590;2645360
JRV;1255;Convertible;91%;95939;9712796
NPR;2997;Microcar;47%;64117;6302171
DTZ;2234;Coupe;39%;46173;243957
NUZ;3749;SUV (Sport Utility Vehicle);5%;31938;1680793
VES;1454;Pickup Truck;26%;21361;6158743
FLU;2457;Convertible;48%;68033;8893799
CYW;3016;Off-Road Vehicle;35%;49847;2138353
ZNF;2749;SUV (Sport Utility Vehicle);21%;43652;9782176
MHY;4109;Minivan;2%;57681;700398
VHA;1907;Off-Road Vehicle;10%;71467;1350374
JVF;3545;Microcar;95%;81973;2782185
PIH;2191;Pickup Truck;20%;99880;3635355
OTD;2407;Crossover;17%;52254;4944107
HJU;2727;Crossover;33%;74223;5934782
VQU;1696;Hatchback;35%;81114;7525403
XQL;2034;Hatchback;32%;28165;5969548
KZZ;4200;Minivan;98%;60239;7283653
FJB;4255;Pickup Truck;58%;28916;7949789
UGK;2766;Coupe-SUV;26%;57361;1475255
VPJ;2683;Off-Road Vehicle;85%;40535;9793977
HOH;1904;Sedan;70%;37901;328698
EMY;4131;Sedan;72%;54970;7404641
FTC;813;Electric Car;56%;98188;2910897
XPG;3922;Hybrid Car;95%;31262;1244377
PWO;4062;Microcar;52%;70715;6107210
QCF;1836;Coupe;5%;75478;4733740
EUP;3830;Convertible;34%;81146;1792218
KQF;1548;Sports Car;97%;61828;4634984
OTR;697;Minivan;28%;88222;9082525
YQL;2739;Hatchback;38%;62224;7185516
AYZ;1091;Crossover;58%;61664;5413064
WLT;4565;Hybrid Car;35%;32375;3184222
UGG;688;Pickup Truck;88%;36649;4131600
GCR;2252;Hatchback;14%;55915;7646882
VKR;1179;Coupe;84%;87406;1955309
VIA;3144;Hatchback;99%;85677;8425145
SDH;3014;SUV (Sport Utility Vehicle);75%;29178;5082511
VQW;936;Off-Road Vehicle;64%;13988;3065979
LCR;2328;Crossover;53%;43809;8973897
MFB;1880;Pickup Truck;81%;19425;2319555
GZY;1256;Coupe;64%;68475;6058684
CML;949;Off-Road Vehicle;58%;77823;1471576
TPP;3694;Coupe-SUV;66%;80037;5237891
EKC;3830;Pickup Truck;87%;49031;8886959
SON;3498;Microcar;73%;56136;6208762
ZBB;715;Microcar;51%;76729;3549044
TNF;3692;Hybrid Car;28%;71576;7911827
YPU;788;Sedan;77%;52089;8386267
GKH;4103;Microcar;67%;84330;6401297
HCL;3421;Luxury Car;29%;24256;5201150
JJK;4433;Pickup Truck;48%;96325;4930228
POY;4652;Minivan;86%;82809;7576053
EDC;3313;Convertible;90%;52568;3720870
VFX;2082;Coupe-SUV;42%;41567;6716336
EPZ;1931;Electric Car;81%;64048;1349075
PRE;3059;Microcar;28%;67319;8856156
GFY;3823;Coupe;90%;35714;881181
RZF;2042;Coupe-SUV;13%;60614;8322117
IMT;3714;Hatchback;46%;28087;468028
GID;3364;Off-Road Vehicle;56%;57425;797788
ITA;2426;Electric Car;17%;67195;4954977
AAM;537;Microcar;55%;40043;3949166
SLA;1428;Off-Road Vehicle;16%;15074;1272551
CPI;3548;SUV (Sport Utility Vehicle);61%;62359;3245403
QHG;1408;Luxury Car;31%;53166;1199072
EEB;1722;Coupe;9%;42182;2670015
ZZM;1478;SUV (Sport Utility Vehicle);36%;49300;874153
RSF;2803;Pickup Truck;10%;63611;3747008
SPJ;1973;Convertible;32%;96432;444761
NEW;4173;Crossover;92%;79277;3284134
SBN;2214;Minivan;100%;54028;9080908
TDZ;2894;Luxury Car;93%;73188;9099664
XAK;2940;Coupe-SUV;70%;99833;6355099
FFA;2043;Coupe;18%;81800;451730
VQH;2328;Minivan;83%;68949;3420543
DUH;2240;Sports Car;75%;60422;8042247
QMK;4025;SUV (Sport Utility Vehicle);37%;68627;7764496
TIH;2237;Microcar;95%;23342;7684737
DQC;1224;Minivan;14%;59954;637738
ORB;3617;Sports Car;6%;29209;1846823
EJH;1285;Convertible;95%;23372;8976014
VHV;2854;Microcar;69%;74935;3320529
QTI;3939;Crossover;72%;91880;3859726
MJV;779;Hybrid Car;97%;42845;4318962
ULP;1678;Off-Road Vehicle;30%;69758;5351768
TSA;920;Sports Car;16%;66713;9678976
CCI;2578;Hatchback;86%;78987;7266746
XUP;4014;Coupe;79%;56568;2593208
TYB;1855;Off-Road Vehicle;83%;50412;6498977
JMA;2780;Coupe-SUV;88%;57712;5493288
MWR;1056;Sports Car;51%;54582;5088612
OZQ;4280;Convertible;69%;19221;4894544
AED;1010;Pickup Truck;63%;54513;411517
NSS;2121;Coupe-SUV;9%;82333;9513019
KMT;508;Microcar;25%;72136;7600658
TXV;605;Pickup Truck;98%;63224;6481628
WVS;3728;Hybrid Car;74%;12476;3587303
WLW;2644;Electric Car;56%;16686;5798370
FVJ;1796;Coupe;70%;95788;8204953
KKG;2733;Electric Car;67%;81483;9384175
SJK;3720;Hybrid Car;89%;72044;2446379
CZP;3254;Hatchback;89%;31257;1762718
MKL;948;Sedan;7%;88083;5239231
VRA;630;Crossover;50%;42038;5409343
JJF;3924;Pickup Truck;5%;67045;7018847
ASV;3100;Sports Car;96%;64209;5653850
STS;3598;Hybrid Car;18%;62105;6321188
RJO;1681;Minivan;74%;34639;827298
ZCE;1434;Microcar;43%;22900;8794095
RPP;1676;Minivan;45%;13674;9611006
AHY;3630;SUV (Sport Utility Vehicle);10%;30282;2235014
ARC;1426;Off-Road Vehicle;91%;78388;8418505
AHP;1838;Sedan;90%;39751;7890308
ZHO;3666;Coupe-SUV;72%;74249;2986390
HVK;4265;Sedan;64%;25011;838493
VBU;2970;Microcar;43%;81246;8832143
HOT;3226;Microcar;7%;43584;1459691
NNQ;4028;Electric Car;74%;97467;4913951
CZN;1552;Microcar;67%;28625;7446832
VEI;513;Hybrid Car;63%;38683;5699103
ZWU;1818;Sedan;31%;45406;6267756
OYM;4057;Luxury Car;32%;60946;9524861
RTK;2527;Crossover;85%;30009;4183008
MWC;3947;Microcar;32%;85874;8805048
UJW;2646;Microcar;34%;34571;9757823
HMU;3559;Convertible;99%;71912;8919487
ESK;3320;Convertible;63%;66541;2470966
IYS;2871;Electric Car;28%;90732;3441692
YMB;3461;Convertible;2%;96291;4979426
GAI;3903;Electric Car;46%;18916;8995393
EJY;3896;Off-Road Vehicle;5%;87509;8075268
BLV;4482;Electric Car;58%;99204;5473183
ZGR;2334;Pickup Truck;64%;35020;1315077
HPS;2983;Hybrid Car;2%;91436;922487
RPT;844;Minivan;32%;30065;491946
QSQ;3104;Pickup Truck;76%;60730;5704418
YXS;2811;Sedan;98%;59789;7977752
GHF;2372;Sports Car;34%;94528;7114661
PCT;4657;SUV (Sport Utility Vehicle);81%;19061;1688772
PMZ;1371;Off-Road Vehicle;91%;21279;428706
NMW;2600;Off-Road Vehicle;31%;16108;1544418
JWL;1426;SUV (Sport Utility Vehicle);28%;25624;8598425
DDC;4425;Hybrid Car;42%;89120;2967601
ZHZ;4081;Sports Car;45%;75407;3687519
WBR;3260;Coupe-SUV;8%;89194;5028801
JMZ;2271;Microcar;13%;55982;7281210
DBG;4284;Microcar;11%;90446;4557739
AAR;1501;Off-Road Vehicle;50%;32400;6886192
IDL;1357;Off-Road Vehicle;73%;14182;4531909
EKY;3983;Convertible;51%;79862;4569595
YZV;2477;Pickup Truck;19%;78183;342010
SJM;1116;Sports Car;65%;89929;9814179
HBZ;4187;Microcar;42%;82496;1127051
HIM;3036;Minivan;33%;70692;982535
UIV;1899;Electric Car;62%;37095;1582419
KAP;2368;Convertible;77%;52701;6209185
MJN;1198;Crossover;73%;41318;8433576
VYZ;4366;Coupe-SUV;69%;42551;2185925
PKK;4473;Electric Car;93%;31702;4210212
ECA;3387;Pickup Truck;27%;33897;6382644
LYM;4616;Luxury Car;11%;25380;2568466
RTH;2818;Microcar;19%;42709;8039075
SLU;2662;Minivan;80%;49313;4772193
OMS;2084;Sports Car;4%;70036;2596872
FOF;3643;Sedan;41%;92371;4831875
BAZ;4231;Convertible;60%;19984;3728657
PLL;546;Hatchback;16%;35517;7485352
PUD;1629;Electric Car;40%;26964;3459841
SNA;3125;Sedan;31%;29698;6445784
AKS;1431;Electric Car;23%;13004;7357091
URD;2830;Coupe;50%;78162;1890351
UAL;848;Crossover;40%;42755;4194777
MPZ;4405;Sports Car;99%;52199;3892403
IOU;2521;Coupe-SUV;11%;30032;1900451
RXO;4149;Convertible;60%;51683;3476425
WSP;3236;Microcar;19%;72966;2435208
YJB;1061;SUV (Sport Utility Vehicle);29%;19235;8267104
LFB;3871;Coupe;97%;40769;355268
KCY;2000;Coupe-SUV;14%;77618;9908063
WDX;2006;Crossover;29%;37762;6736656
NKK;2088;SUV (Sport Utility Vehicle);41%;74209;9971177
HUV;1656;Pickup Truck;22%;36430;2930800
ZDJ;4581;Sports Car;10%;45928;6438202
IBO;597;Sedan;10%;68195;7124153
UWT;1573;Sedan;22%;43309;3237695
FDT;707;Pickup Truck;23%;46802;2375620
ANY;1195;Pickup Truck;52%;28066;3583776
HKL;4462;Minivan;43%;59096;904213
EVN;2482;Minivan;18%;67348;1368722
PTL;1136;Sedan;50%;23640;6319679
XKN;3249;Coupe-SUV;70%;63504;4167201
XOY;4341;Convertible;67%;93920;2568495
JIY;3824;Luxury Car;46%;77120;5243889
GYL;958;Off-Road Vehicle;6%;95110;3553383
FMD;1015;Coupe;68%;96810;814964
SYJ;2813;Microcar;65%;97006;3669721
VVN;1939;Minivan;66%;64909;5501941
HUR;4316;Electric Car;23%;79686;1696200
JNW;3123;Crossover;17%;86795;2025285
LLG;1587;Microcar;17%;35937;2202635
ERN;2893;Hybrid Car;33%;71656;1375214
IXT;1868;Off-Road Vehicle;3%;93976;4624384
TFJ;1621;Minivan;98%;13660;3792939
NUU;3918;Sedan;44%;19669;3463297
BCU;4516;Coupe-SUV;63%;56840;4050095
KEM;3535;Sedan;97%;18934;9854479
CQS;1988;Off-Road Vehicle;13%;47554;3167700
CHA;2000;Hatchback;46%;24986;7811087
XIV;3085;Off-Road Vehicle;55%;43880;4555266
ISD;3763;Coupe-SUV;63%;99915;9046859
NRB;753;Crossover;91%;82220;2273435
UBG;4424;Hybrid Car;45%;38807;3534946
MFF;1605;Hybrid Car;2%;94104;4393370
VDB;1787;Off-Road Vehicle;100%;60120;1513793
MZR;1827;Crossover;87%;60615;7567890
PYS;533;Off-Road Vehicle;16%;64620;1211547
KXK;4371;Off-Road Vehicle;90%;71966;9132071
MEI;1556;Convertible;80%;94015;9936083
QWG;1945;Sports Car;62%;75645;3954115
UJJ;1655;Crossover;88%;77010;5284647
RTM;4053;Crossover;84%;65160;5515734
UQM;661;Sports Car;81%;91471;8843601
LZI;1710;Hatchback;24%;24676;5045400
AHD;1611;Coupe;67%;63154;1783083
FVZ;1401;SUV (Sport Utility Vehicle);65%;59489;7596558
OVI;2931;Minivan;81%;15013;1830048
SAR;1310;Minivan;79%;80598;4709393
MXE;968;Hatchback;43%;87210;3704549
GZA;3968;Coupe;1%;90238;397983
MPC;3252;Sports Car;87%;38581;3327419
JTU;3799;Coupe;73%;20902;454672
UPS;3050;Electric Car;33%;41415;266016
FBP;1015;Minivan;36%;99421;1520985
TQX;3889;Hatchback;3%;45234;9396943
YKU;4325;Coupe-SUV;8%;28585;6290949
UXB;2601;SUV (Sport Utility Vehicle);65%;16153;6921319
ZHL;3729;Electric Car;35%;27694;928007
IKA;2450;Electric Car;14%;66124;8818829
CVL;707;Coupe-SUV;99%;53646;685598
URA;1066;Hybrid Car;45%;96524;4504281
OAF;3941;Convertible;91%;46390;6116279
GSK;1161;Coupe;99%;85226;8913714
VNL;2267;Minivan;8%;54689;3612890
RZC;553;Hybrid Car;50%;96494;2187886
NGQ;1358;Hybrid Car;53%;41266;1912197
KWP;4694;Microcar;14%;38060;3303084
POT;2391;Pickup Truck;48%;75398;2794619
ZTG;661;Sports Car;95%;89676;8249668
ZWN;1968;Hybrid Car;11%;14299;5857875
CTI;1199;Electric Car;62%;39161;9731328
REQ;4336;Off-Road Vehicle;46%;71128;4629896
FNM;4615;Electric Car;23%;83513;8022841
RYV;2346;Luxury Car;12%;17387;6272238
HVT;2183;Microcar;45%;29415;5786985
JGX;2675;Sedan;32%;38536;4712637
VYG;2420;Sports Car;35%;46941;4420290
FVT;1496;Hatchback;37%;88821;4619654
LNV;1866;Electric Car;84%;58315;9812808
QME;4331;SUV (Sport Utility Vehicle);50%;35262;9587818
GYE;4628;Convertible;66%;16104;1134473
FHJ;1278;Sports Car;90%;31795;6822215
KFN;574;Convertible;44%;89408;7730884
UDP;2616;Minivan;99%;32851;7909280
GUG;1401;Coupe-SUV;93%;99849;2696580
IYK;3862;Luxury Car;40%;57280;5835560
DFC;1051;Coupe-SUV;87%;49908;4954910
SES;2104;Off-Road Vehicle;54%;60741;6841314
WZO;2742;Crossover;77%;36728;2128858
VIC;1602;Luxury Car;49%;85308;4894059
LSV;855;Coupe-SUV;56%;69168;426388
FMM;3696;Pickup Truck;42%;69122;775336
ZHN;4439;Sports Car;66%;46483;4403194
DUL;3211;Pickup Truck;84%;62525;5585117
XDF;2275;Coupe;51%;21520;8413262
PRX;3981;Hatchback;13%;83468;3585754
XBV;4178;Electric Car;69%;91123;261280
MEV;3902;Convertible;59%;41286;623145
TWP;3566;Minivan;41%;49392;7010452
PXD;4279;Convertible;73%;36451;3823785
QYM;1592;Hatchback;30%;31484;960593
AOC;3112;Hybrid Car;13%;51576;9656670
BOI;2282;Coupe-SUV;50%;26726;1545445
HPN;4303;Coupe;8%;17114;3544624
KXY;2597;Electric Car;27%;34565;5176673
LBB;3036;Hybrid Car;79%;19610;4726979
VFF;723;Pickup Truck;72%;15326;9648126
RDU;4041;Off-Road Vehicle;96%;47547;4116408
KOV;4184;Crossover;77%;33600;9401985
UCL;1105;Sedan;82%;71898;3284496
WOZ;1472;Minivan;23%;61790;4400474
PGF;548;Hatchback;91%;30672;7467866
HQI;2197;Coupe-SUV;63%;68577;5195024
NUF;1100;Pickup Truck;69%;90549;2535256
PMO;839;Luxury Car;41%;37790;8506725
IRA;3859;Electric Car;30%;75830;3240787
CPB;3805;Hybrid Car;17%;53217;1923187
EMA;694;Pickup Truck;100%;72651;1935206
SZX;1526;Sedan;3%;95627;8778148
TRS;3570;Coupe-SUV;11%;12979;3835317
YQP;3050;Sports Car;81%;83955;3818402
UYZ;4172;Luxury Car;8%;49079;1194773
WPP;1779;Sports Car;30%;67212;7933588
TCQ;1890;SUV (Sport Utility Vehicle);97%;37232;5040324
XFG;637;Luxury Car;77%;94278;5786081
NZX;606;Sedan;61%;62401;7776923
DEG;4606;Convertible;20%;78261;9180164
CXW;804;Coupe;73%;39143;6636896
AVS;2787;Sedan;50%;43719;8179038
SEP;4510;Luxury Car;53%;49376;9754189
USM;3659;Convertible;49%;91701;2804198
DDN;2875;Coupe-SUV;39%;14534;6150462
FWD;4325;Coupe-SUV;56%;40908;8300127
NLO;976;Hybrid Car;93%;78549;1390210
TJP;2975;Coupe-SUV;2%;86050;4296708
NBR;3328;Sports Car;20%;93096;2949051
WFT;3399;Coupe;42%;36643;4684603
HPT;2729;Electric Car;87%;52310;7615355
MEG;584;Pickup Truck;81%;51354;570278
SBI;4331;Sports Car;12%;57434;5084954
XHL;550;Sports Car;68%;55530;3656271
JOM;1917;Pickup Truck;59%;85896;5611128
ABZ;3242;Convertible;96%;72473;3077769
DRR;1833;Pickup Truck;80%;72321;3064843
RDC;1522;Hatchback;95%;29898;1714600
CJO;2460;Off-Road Vehicle;21%;93712;6907504
IZS;4569;Microcar;21%;16080;8517658
UKO;4696;Off-Road Vehicle;33%;28907;1254363
CGM;3351;Electric Car;70%;34329;3106533
IYQ;787;Crossover;56%;30758;8885721
GMZ;4056;Coupe;92%;74427;9190805
ASB;1895;Coupe-SUV;73%;56399;2615417
HUQ;2119;Microcar;74%;91713;1849509
DGQ;3318;Minivan;7%;48798;4844893
MLG;2248;Microcar;46%;42987;2728657
BRE;3937;Pickup Truck;10%;62058;5682253
JKM;1002;Electric Car;76%;88845;8961392
VDO;3141;Coupe;4%;88141;2662833
HTM;991;Sports Car;70%;81198;8466326
OXU;2363;Luxury Car;2%;61926;8531162
ZVJ;2915;Sedan;13%;54088;3531638
KKI;3237;Crossover;65%;72103;9676408
NQN;2099;Hybrid Car;49%;61027;8311921
TSF;1444;Pickup Truck;20%;95586;9120019
DPW;1351;Microcar;60%;34814;5287344
OCZ;1698;Off-Road Vehicle;40%;32319;7021018
XZJ;3571;Hybrid Car;45%;98579;7511632
MNW;595;Coupe;20%;42039;6858968
WBP;2713;Hatchback;13%;48909;5086471
SBF;2298;Hatchback;98%;76959;6233239
AGX;4327;Sedan;81%;36565;8670262
EUD;3843;Convertible;31%;82454;8005753
KPT;3490;Off-Road Vehicle;17%;16646;667300
DTU;4097;Hatchback;35%;75948;1014265
IAR;4684;Hatchback;17%;96843;6132977
LIT;1419;SUV (Sport Utility Vehicle);54%;16926;8374300
PKW;1355;Convertible;42%;12652;1152683
XTC;1759;Off-Road Vehicle;47%;68808;3122779
ETR;1094;Pickup Truck;78%;85286;8969952
KOW;1846;Minivan;30%;26154;8220711
VGA;4623;Microcar;70%;66328;4364791
JWI;2017;Hatchback;31%;74673;6703140
MKB;4125;Coupe;75%;88695;603315
SNB;2462;Sports Car;27%;42462;5235517
ZPS;2696;Sedan;59%;63735;2670903
FEO;507;Sedan;79%;62647;8933486
LXA;4113;Convertible;89%;37460;1109912
BGD;507;Crossover;70%;23468;5040613
JCJ;2081;Crossover;96%;90264;1687564
NWP;1594;Crossover;78%;94621;1865820
UNR;3608;Sports Car;39%;28237;5101965
HUL;2947;Pickup Truck;68%;94500;3446909
SJA;1723;Hatchback;8%;38116;9551275
ZJK;3862;Pickup Truck;87%;12915;3704515
MUF;3357;Coupe-SUV;53%;36200;3111191
GOF;3480;Off-Road Vehicle;54%;63789;5363186
YYP;1090;Luxury Car;51%;18471;8858860
HYA;3116;Minivan;29%;57166;1820052
FXT;2872;Hybrid Car;93%;89172;3002919
GII;2425;Sedan;63%;80454;9604093
JPZ;4692;Off-Road Vehicle;5%;62097;9169036
VGP;2718;Sports Car;46%;12899;8691937
DGK;4678;Coupe-SUV;91%;92551;2805352
ENE;3655;Electric Car;76%;71325;3910760
KJI;2720;Electric Car;74%;33302;3093921
KFQ;4636;Microcar;16%;71570;2194708
MNE;1405;Sports Car;25%;76108;8670949
UQG;953;Sports Car;77%;24867;3659214
HIS;1094;Crossover;75%;67027;9923562
DCP;2359;Sedan;14%;87408;4325999
KRS;2569;Pickup Truck;93%;43666;6205291
HQC;4215;Crossover;55%;27203;5715287
QOY;3931;Hatchback;6%;71951;6424556
IAB;4178;Minivan;91%;86217;9448374
WGI;1396;Convertible;6%;99028;401686
AMT;2849;Minivan;60%;25759;7517000
FPW;3411;Electric Car;98%;78139;7292461
CHR;1145;Off-Road Vehicle;17%;60193;5648852
QLZ;1268;Hybrid Car;34%;27399;6327750
YNJ;528;Minivan;70%;69647;8937402
UNG;891;Luxury Car;81%;97163;4996228
MKS;2393;Hybrid Car;92%;25725;6721090
EUM;2165;Minivan;32%;26775;1116609
ERG;1011;Convertible;68%;42148;9168734
UEC;1625;Pickup Truck;50%;80175;6081840
DXT;3610;Convertible;64%;18137;2174400
ZWS;1220;Hatchback;39%;43533;620642
TNJ;4678;Luxury Car;6%;12680;6391313
RPJ;1486;Luxury Car;81%;79699;566416
IOX;1078;Pickup Truck;30%;16049;1223658
RWC;1128;Off-Road Vehicle;5%;37266;8863781
SJL;4188;Sedan;92%;79079;388516
ZQA;678;Hatchback;78%;45348;3809440
UDJ;1448;Sedan;96%;89079;2560941
VQP;1058;Microcar;90%;19714;9852376
PUG;2208;Coupe;9%;99736;1741982
NTL;658;Sedan;78%;64064;2060755
YSS;3556;Sports Car;2%;81538;8491812
VTO;4625;Coupe;22%;85225;892207
WGZ;3347;Convertible;85%;98948;1000099
NAH;3204;Coupe-SUV;19%;21606;1199434
NQB;1108;Coupe;34%;82354;4621503
BNC;4367;Off-Road Vehicle;1%;77161;1192783
ZLI;3311;Off-Road Vehicle;36%;87748;9110909
KWR;803;SUV (Sport Utility Vehicle);54%;85135;5396381
CQI;4609;Coupe-SUV;30%;43623;6301161
EKV;3573;Pickup Truck;33%;22077;9901170
VCO;4159;Hybrid Car;51%;43985;6209691
VIG;3088;Microcar;56%;16997;6608874
ESU;4179;SUV (Sport Utility Vehicle);54%;78494;628822
IKZ;742;Coupe-SUV;86%;54920;9042169
ERQ;3496;Microcar;3%;44949;9983904
WHR;896;Hatchback;92%;89142;9987099
JWE;1797;SUV (Sport Utility Vehicle);28%;36144;5263618
KES;3833;Coupe-SUV;68%;35207;823416
AXV;1628;Coupe-SUV;72%;79690;483246
FTP;4120;Sports Car;4%;28844;8227002
TUO;4394;Sports Car;33%;39926;2087496
OZU;3786;Sedan;9%;93500;9539585
ERD;4229;Electric Car;98%;30473;5586302
MQP;3612;SUV (Sport Utility Vehicle);74%;15843;3087012
FHF;3206;Microcar;11%;25427;4434621
XJF;3843;Convertible;34%;30243;2171334
NTQ;4016;Crossover;7%;58521;6233980
MCQ;1426;Microcar;17%;29815;2281461
HLZ;3762;Coupe-SUV;83%;17567;5986674
BOG;1992;Microcar;28%;42155;762215
UDN;3852;Convertible;21%;56941;3555736
JSA;4636;Sports Car;42%;56391;430473
RGY;4090;Convertible;65%;27105;9431779
HYP;2834;Electric Car;17%;51226;9212173
YUH;1744;Coupe-SUV;85%;68323;7435538
HTO;1236;Sports Car;10%;27174;8509572
EGI;3230;Convertible;1%;76745;9065503
APB;2018;Convertible;90%;64343;6269122
MMI;1164;Hybrid Car;73%;65059;673652
ENX;1903;Electric Car;65%;15895;4857046
MHB;1826;Hatchback;80%;54450;1696422
MAO;1316;Electric Car;83%;73071;4320413
HAM;1859;Luxury Car;41%;84993;1682031
DAX;4311;Coupe-SUV;10%;28120;7842227
MTP;1749;Sports Car;47%;49159;6411389
YCD;2566;Sports Car;96%;90621;7139606
OFC;2330;Sports Car;93%;66705;1768238
OAE;4293;Off-Road Vehicle;17%;97980;1038319
UAC;849;Luxury Car;16%;43407;9808758
SRS;2861;Electric Car;36%;32084;1813840
OBB;1386;SUV (Sport Utility Vehicle);78%;31443;5162974
APR;4041;Pickup Truck;49%;68591;6550315
YWQ;828;SUV (Sport Utility Vehicle);8%;14517;6405216
FGZ;2501;Coupe;78%;14619;298548
UUT;840;Minivan;19%;47099;2628643
CSE;3145;Coupe-SUV;22%;19364;1172268
DAF;3204;Minivan;91%;48282;9667907
YUB;2128;Luxury Car;90%;82459;1232514
DIA;3522;Off-Road Vehicle;22%;59769;8434096
ATE;3502;Electric Car;80%;41745;2526608
YRM;1183;Coupe;70%;98759;1085550
WED;4262;Pickup Truck;96%;88854;2079925
RAS;3663;Hatchback;62%;78196;4890153
YLR;2324;Coupe;43%;94655;4521384
ZOQ;3286;Off-Road Vehicle;73%;35834;6954757
RMB;1818;Off-Road Vehicle;33%;29811;1116939
WLO;3535;Sports Car;45%;69893;2534102
KXN;2853;Hatchback;74%;76279;6594880
DND;1801;Coupe;45%;48523;8914215
NJA;1593;Off-Road Vehicle;91%;50409;8016207
WWN;2958;Hatchback;60%;69246;8322578
APS;2238;Off-Road Vehicle;24%;50735;7713443
SZQ;2911;Sports Car;24%;81352;5257938
HJO;3345;Coupe;95%;97782;9006316
MAL;3622;SUV (Sport Utility Vehicle);12%;77640;8805246
FPO;4040;Convertible;73%;32020;6931981
KMN;2907;Hatchback;52%;61266;1788807
MVQ;803;Convertible;84%;43140;7853686
HXZ;2925;SUV (Sport Utility Vehicle);45%;27744;3495389
HVG;1563;Electric Car;81%;30930;659060
BGG;4023;Coupe;20%;57910;5421678
EKE;4560;Hybrid Car;23%;12797;5029790
YDG;614;Sports Car;21%;60842;3881766
ICH;4519;Crossover;69%;20886;720996
ICF;4093;Sedan;82%;90486;4217239
SMK;2722;SUV (Sport Utility Vehicle);30%;53858;2744411
PKE;3670;Hatchback;2%;39513;609411
RGE;979;Convertible;78%;84363;6431761
MPW;4604;Coupe-SUV;51%;95972;1000098
IKX;2637;Off-Road Vehicle;36%;18871;3549658
WLI;2303;Microcar;47%;92288;7650076
QXM;1877;Coupe;60%;88970;3481391
IAA;768;SUV (Sport Utility Vehicle);49%;33562;6491711
AGH;2978;Electric Car;42%;18681;2688847
KFP;1237;Convertible;96%;65308;3218489
OVU;1116;Electric Car;54%;78467;1128920
LVP;3949;Sedan;16%;89656;3775476
LYY;3214;Pickup Truck;83%;59909;9349498
TTL;2323;Sedan;86%;43580;6633862
KJV;4355;Luxury Car;77%;81640;7128122
NAO;1179;Convertible;8%;67107;1400922
CMI;2777;Sports Car;23%;56063;4542457
MNX;4633;Luxury Car;38%;47629;3132868
NIF;3452;Convertible;43%;38261;8218146
ZVS;2317;Sedan;95%;67098;3979151
NTP;3943;Hatchback;6%;89406;2724964
LXP;3647;Off-Road Vehicle;47%;21975;8692907
PBP;3416;Sports Car;22%;18828;6747693
QEZ;3754;Sports Car;29%;84289;317581
ABM;3222;Minivan;99%;16728;5152568
ERK;2631;Sports Car;40%;55150;6334140
CLK;3760;Sports Car;81%;40271;786260
KCU;597;Off-Road Vehicle;35%;36836;8063379
PTD;2238;Electric Car;93%;64244;9380398
OEG;2804;Electric Car;36%;85491;9871483
ZCU;3632;Off-Road Vehicle;9%;67051;6631380
IQB;3242;Minivan;3%;87401;7036177
EPU;3977;Pickup Truck;6%;57138;7823706
FQS;1552;Microcar;8%;20696;6485421
NPM;2984;Off-Road Vehicle;68%;71969;9074930
FRT;3540;Electric Car;52%;73386;1222722
SNL;4428;Pickup Truck;19%;69312;417506
ZLZ;931;Electric Car;74%;77306;8906957
MFG;1800;SUV (Sport Utility Vehicle);8%;69244;1241139
CJN;1082;Pickup Truck;86%;18205;288187
WHW;3019;Coupe-SUV;42%;57673;3254054
AHU;1478;SUV (Sport Utility Vehicle);33%;66193;2605534
HKO;1720;Crossover;40%;53825;7484133