order_id;customer_id;car_id;store_id;employee_id;order_date;shipped_date;required_date;order_status;order_quantity
O10000;6690;5714;853;1760;2018-04-15;2021-06-05;2022-07-17;Completed;4
O10001;4592;10726;1470;2700;2018-10-28;2021-03-12;2022-05-19;Completed;5
O10002;3680;16526;1269;3998;2016-09-06;2020-01-26;2025-12-23;Pending;2
O10003;4585;10251;807;3279;2019-12-20;2021-09-22;2024-07-28;Completed;9
O10004;1757;8679;973;876;2016-07-08;2020-11-04;2025-01-05;Completed;9
O10005;3929;2990;1333;1264;2017-12-06;2021-01-13;2023-11-04;Completed;10
O10006;5001;3842;1540;920;2017-03-21;2020-12-02;2023-09-13;Completed;5
O10007;4015;2874;1009;4208;2017-03-23;2020-04-27;2025-12-25;Completed;5
O10008;1117;3764;1651;3460;2018-09-23;2021-09-09;2022-01-14;Completed;3
O10009;5023;10010;1344;2281;2019-04-16;2020-08-05;2024-07-27;Completed;3
O10010;6600;11252;982;1889;2019-01-30;2021-02-11;2023-03-01;Completed;5
O10011;1986;2342;2000;2478;2019-10-13;2020-08-12;2026-09-07;Completed;10
O10012;4936;9063;1177;4091;2018-10-13;2021-03-27;2024-07-09;Completed;1
O10013;2329;16280;777;2007;2016-07-05;2020-09-16;2024-04-14;Completed;8
O10014;5011;9019;1456;2799;2019-10-26;2020-09-07;2022-08-28;Completed;2
O10015;3180;6278;1017;4003;2019-06-10;2020-05-29;2022-03-20;Completed;4
O10016;4034;7516;1191;2393;2016-09-04;2021-03-26;2024-05-19;Completed;1
O10017;6266;18666;1797;2274;2017-05-01;2021-06-11;2025-04-26;Completed;4
O10018;2890;11217;850;1402;2017-05-23;2021-10-19;2022-11-08;Completed;1
O10019;4334;6701;1581;3227;2018-01-29;2021-06-09;2026-12-18;Completed;8
O10020;1821;11360;992;1197;2019-10-26;2020-05-11;2024-01-10;Completed;2
O10021;5258;7188;1648;1380;2019-05-01;2021-05-22;2026-12-10;Completed;10
O10022;5443;17910;1462;4466;2017-10-28;2020-12-06;2026-11-26;Completed;1
O10023;1075;10026;1511;3387;2019-03-22;2021-03-27;2026-01-17;Completed;7
O10024;2776;8505;1355;1271;2018-10-15;2020-10-04;2022-07-27;Completed;9
O10025;4400;5863;1703;4366;2019-01-18;2020-04-23;2023-09-03;Completed;10
O10026;5377;4027;1974;1592;2017-10-18;2021-06-08;2025-01-07;Completed;9
O10027;4231;18481;1307;1596;2016-08-03;2020-03-22;2024-08-13;Pending;2
O10028;3968;7476;1565;1533;2018-06-07;2020-02-15;2022-02-11;Pending;7
O10029;3650;3536;1455;1702;2017-10-03;2020-04-13;2022-05-04;Completed;4
O10030;6196;11417;1296;1596;2019-02-17;2020-03-26;2024-07-17;Completed;6
O10031;5724;8075;1958;918;2018-03-09;2021-01-13;2025-08-28;Completed;1
O10032;2015;17327;1884;4329;2017-06-04;2020-06-25;2025-10-01;Completed;5
O10033;3792;13457;894;3591;2017-11-05;2021-03-04;2025-11-04;Completed;10
O10034;3248;3594;1257;3299;2017-11-26;2020-03-19;2026-12-17;Completed;10
O10035;1360;11598;1415;3611;2016-11-04;2021-08-25;2022-05-05;Completed;6
O10036;2212;4696;874;4409;2016-05-12;2021-10-06;2024-07-11;Completed;8
O10037;3423;14246;1519;3550;2019-10-30;2021-08-02;2023-07-12;Completed;10
O10038;3057;11254;784;1193;2017-01-23;2020-03-12;2022-10-05;Completed;8
O10039;3967;8562;990;670;2016-05-29;2021-06-26;2023-03-08;Completed;4
O10040;4641;4069;1175;1316;2017-02-15;2021-12-22;2024-11-16;Completed;3
O10041;2537;14050;965;1193;2017-03-26;2020-10-18;2022-06-25;Completed;1
O10042;3167;11323;1134;1527;2017-10-28;2021-07-14;2022-11-24;Completed;4
O10043;4183;15779;1270;3231;2019-09-26;2020-07-02;2026-06-27;Pending;1
O10044;5828;14856;1425;4578;2016-06-04;2021-05-07;2023-02-15;Completed;8
O10045;1814;7679;856;1937;2019-10-30;2021-04-12;2024-01-05;Completed;6
O10046;6162;16010;806;4048;2017-06-14;2021-01-16;2024-04-16;Completed;5
O10047;4648;8147;1282;3748;2019-07-05;2021-03-09;2023-10-15;Completed;9
O10048;6261;16255;936;1258;2017-08-06;2021-01-22;2024-06-19;Completed;3
O10049;2430;9767;1918;1229;2017-01-09;2020-06-11;2023-02-21;Completed;9
O10050;2488;13917;2015;3881;2016-12-23;2020-01-09;2026-05-05;Completed;10
O10051;5824;11541;1473;4125;2019-02-23;2020-04-30;2025-04-28;Completed;3
O10052;6052;10903;1082;2272;2017-08-13;2020-01-15;2022-04-28;Completed;9
O10053;6043;17254;706;2587;2017-06-28;2021-05-10;2024-03-24;Pending;1
O10054;2176;13122;1660;2683;2018-07-19;2020-06-09;2024-01-01;Completed;8
O10055;3196;8859;1361;4018;2018-06-06;2021-07-10;2025-04-27;Completed;6
O10056;2813;14712;1616;2514;2016-05-06;2020-12-02;2026-01-05;Completed;9
O10057;3599;6635;1100;4256;2018-10-08;2020-09-23;2025-03-31;Completed;5
O10058;6177;10171;1255;1823;2016-01-19;2021-05-22;2024-11-27;Completed;4
O10059;3432;5555;1607;3272;2019-02-17;2021-06-23;2022-02-24;Completed;8
O10060;6442;4376;1594;555;2017-06-07;2021-10-22;2026-01-18;Completed;9
O10061;6322;11591;840;3440;2016-01-12;2021-09-12;2025-06-04;Completed;4
O10062;5336;8668;1546;810;2016-04-16;2020-08-27;2022-05-01;Completed;5
O10063;2706;13809;1721;1653;2017-04-03;2021-09-08;2023-07-05;Completed;8
O10064;1282;3725;1876;3825;2019-03-16;2020-11-17;2026-04-21;Completed;9
O10065;6483;14114;838;1899;2017-01-05;2020-04-30;2023-04-13;Completed;8
O10066;3623;8281;1177;4244;2017-10-10;2020-04-17;2024-09-13;Completed;9
O10067;6090;2611;843;3859;2016-10-22;2021-10-10;2023-04-29;Pending;4
O10068;1156;5995;1345;1063;2019-05-31;2021-05-20;2025-04-19;Completed;7
O10069;1647;13990;1554;4057;2019-07-31;2020-06-05;2026-06-06;Pending;10
O10070;1742;11375;1361;1967;2016-09-13;2020-04-13;2022-03-08;Completed;7
O10071;5909;8019;1004;583;2019-10-30;2021-06-22;2023-08-07;Completed;10
O10072;4616;17424;1120;2388;2018-03-20;2021-08-29;2022-02-13;Completed;1
O10073;3013;7400;1896;2818;2019-06-10;2020-11-18;2026-04-15;Completed;3
O10074;1444;14203;1085;4443;2018-02-21;2021-11-01;2026-10-08;Completed;7
O10075;2450;12605;970;922;2019-09-30;2021-04-02;2025-11-20;Pending;4
O10076;4388;16221;1342;1453;2017-01-07;2021-05-01;2025-10-24;Completed;1
O10077;5525;15408;898;4260;2017-09-18;2021-08-25;2022-08-26;Completed;10
O10078;3638;17152;779;1064;2019-06-04;2021-08-07;2026-12-07;Completed;5
O10079;4670;12798;1126;4099;2016-08-22;2020-01-19;2023-09-27;Completed;5
O10080;6190;6062;1562;3151;2016-07-07;2021-10-10;2026-12-22;Completed;8
O10081;3084;15501;1438;2284;2016-04-30;2020-12-06;2022-09-02;Completed;5
O10082;4020;13939;1877;4291;2018-08-01;2020-07-18;2025-05-23;Completed;8
O10083;4780;4633;1373;3482;2017-12-14;2020-01-12;2026-01-07;Completed;3
O10084;3821;13460;882;4364;2019-02-15;2020-10-05;2024-06-07;Completed;8
O10085;1574;7241;1704;3352;2016-07-13;2020-08-16;2022-09-28;Completed;5
O10086;6055;18385;795;3985;2018-10-26;2020-06-01;2024-07-16;Completed;10
O10087;3275;14196;1908;3683;2016-01-18;2021-05-20;2024-10-17;Completed;4
O10088;6097;2457;1508;1554;2017-12-15;2021-10-05;2024-07-02;Completed;4
O10089;6718;7832;1890;1204;2018-12-24;2020-12-31;2024-03-25;Completed;10
O10090;5263;4622;1718;581;2016-12-01;2021-08-15;2022-10-20;Completed;10
O10091;2453;11261;1344;2965;2019-08-10;2021-09-28;2024-01-03;Completed;9
O10092;5369;18519;1171;926;2018-08-13;2020-07-29;2026-11-20;Completed;9
O10093;5949;11279;906;3157;2017-03-09;2021-02-16;2024-07-28;Completed;4
O10094;6669;12378;1202;2474;2018-11-11;2021-08-01;2022-04-04;Completed;3
O10095;1779;14943;1280;996;2016-02-22;2020-07-03;2025-05-17;Completed;2
O10096;1373;9567;1390;2089;2017-06-04;2021-07-14;2023-08-30;Completed;3
O10097;1268;18610;1773;2076;2017-08-15;2020-01-25;2026-09-17;Completed;7
O10098;1821;12083;1119;1423;2016-02-15;2021-08-27;2023-04-13;Completed;7
O10099;4560;10156;856;2261;2016-07-09;2021-10-24;2024-06-09;Completed;7
O10100;2555;14980;1822;3707;2019-01-25;2020-12-31;2024-01-09;Pending;7
O10101;2134;15488;1535;2021;2016-08-20;2020-01-19;2025-04-17;Completed;3
O10102;6584;12804;1000;3421;2018-07-28;2020-05-03;2024-07-06;Completed;7
O10103;4574;17180;1947;634;2017-04-24;2021-10-26;2025-11-20;Pending;8
O10104;5435;5581;1181;3479;2017-05-17;2020-02-06;2022-12-17;Completed;9
O10105;5458;12463;1879;3342;2018-06-05;2021-08-15;2024-09-01;Pending;6
O10106;5622;3039;1366;2969;2016-08-16;2021-04-26;2026-03-23;Completed;2
O10107;4232;3341;1961;1141;2016-12-05;2021-03-11;2026-11-26;Completed;2
O10108;1278;16648;841;4608;2018-11-22;2021-01-03;2026-08-01;Completed;1
O10109;4828;12706;1591;2729;2018-11-01;2021-08-25;2022-06-25;Completed;7
O10110;3964;3824;1329;2177;2017-08-21;2020-03-21;2026-11-07;Completed;2
O10111;3483;4594;1778;4250;2018-07-27;2021-11-22;2024-09-29;Completed;8
O10112;6424;11780;889;3530;2019-06-27;2021-07-05;2024-10-24;Completed;9
O10113;2680;8579;1881;3928;2016-05-27;2020-01-30;2024-12-22;Pending;2
O10114;2885;2816;1648;3001;2017-12-14;2021-08-30;2022-09-21;Completed;6
O10115;5937;11410;1156;1731;2016-11-10;2020-01-26;2022-11-13;Completed;5
O10116;5151;17257;1103;2899;2016-10-05;2020-06-21;2026-05-30;Completed;9
O10117;6453;17198;1515;3305;2016-06-22;2020-05-06;2026-12-18;Completed;10
O10118;4060;3931;1476;4650;2016-02-12;2021-06-16;2024-11-14;Completed;4
O10119;1159;9086;1120;2351;2018-09-26;2021-10-05;2026-07-09;Completed;4
O10120;4942;14882;1678;1228;2017-10-16;2021-03-04;2022-07-08;Completed;7
O10121;2446;15281;1026;2395;2019-01-03;2021-08-19;2023-08-18;Completed;4
O10122;2354;7096;1576;2250;2018-05-20;2020-05-04;2025-11-06;Completed;10
O10123;5107;18119;1741;1786;2018-03-18;2020-01-31;2024-10-08;Completed;8
O10124;4926;11752;892;2262;2016-06-05;2020-02-14;2023-12-15;Completed;7
O10125;5363;16545;1989;3865;2017-12-26;2020-12-19;2024-12-22;Completed;9
O10126;5307;15305;1382;4165;2018-03-20;2020-07-28;2026-06-20;Completed;2
O10127;6229;10118;1191;2155;2016-06-15;2020-02-25;2023-07-26;Completed;2
O10128;3981;16249;1151;1211;2019-10-11;2020-05-25;2024-10-29;Completed;1
O10129;4978;13236;1769;2216;2017-10-06;2020-10-26;2022-01-21;Completed;2
O10130;2176;13277;1434;596;2017-04-26;2020-02-03;2025-06-14;Completed;7
O10131;1355;11320;1545;4233;2018-09-14;2021-06-01;2022-06-02;Completed;6
O10132;1207;10116;1535;3099;2018-01-31;2020-01-23;2026-12-04;Completed;6
O10133;4195;14573;767;945;2016-04-22;2021-11-23;2025-12-29;Pending;5
O10134;3985;18145;1263;4651;2017-11-06;2021-09-12;2024-03-07;Completed;4
O10135;3672;6288;1587;2093;2018-03-22;2021-08-23;2025-07-08;Completed;1
O10136;4573;2383;1255;2770;2018-03-22;2020-01-03;2025-08-06;Completed;8
O10137;4173;14158;1443;745;2016-11-25;2021-01-27;2026-06-27;Completed;1
O10138;3021;16738;781;4233;2019-01-09;2020-09-26;2023-07-03;Completed;2
O10139;5990;3933;1953;4524;2016-02-05;2020-10-24;2024-02-09;Completed;1
O10140;5146;5711;884;3740;2016-06-07;2020-11-27;2026-08-13;Completed;9
O10141;3785;18279;1331;1086;2018-10-09;2021-03-30;2026-12-29;Completed;10
O10142;2147;9945;1591;1662;2019-01-25;2021-08-15;2026-05-17;Completed;4
O10143;3066;14519;1424;2275;2018-08-01;2021-11-26;2022-08-29;Completed;9
O10144;4177;6070;1375;2239;2017-07-12;2020-11-15;2022-03-26;Completed;1
O10145;5480;16115;1490;2203;2019-11-28;2021-05-26;2024-01-09;Completed;10
O10146;6326;13785;1850;3656;2017-11-08;2021-01-07;2024-03-11;Completed;5
O10147;6240;6396;1986;766;2016-03-04;2021-11-22;2024-06-23;Completed;6
O10148;1921;18602;1431;3808;2018-02-11;2020-08-16;2024-11-13;Completed;1
O10149;6028;15011;2010;1166;2018-08-26;2021-07-12;2025-02-03;Completed;6
O10150;4690;10921;1990;2647;2019-03-11;2020-08-25;2022-05-09;Completed;2
O10151;4718;15840;1983;2831;2016-01-20;2020-11-23;2024-11-18;Completed;6
O10152;4343;8136;711;3771;2018-04-06;2021-02-04;2026-05-22;Completed;4
O10153;5882;11549;1431;2683;2018-08-02;2021-12-05;2023-05-22;Pending;4
O10154;5163;16451;1804;3181;2019-09-03;2021-12-17;2023-03-31;Completed;5
O10155;3571;2105;1139;3238;2018-09-28;2020-08-02;2025-03-16;Completed;2
O10156;3113;4982;1305;1157;2019-09-26;2020-12-15;2026-10-21;Completed;5
O10157;5976;7438;814;3307;2016-02-18;2021-09-06;2022-08-16;Completed;1
O10158;6058;16876;740;3957;2017-12-08;2020-03-04;2022-05-27;Completed;8
O10159;1275;16428;1740;3107;2018-01-18;2021-06-15;2022-07-31;Pending;8
O10160;4751;18210;1951;2600;2018-03-11;2021-10-06;2023-05-28;Pending;3
O10161;5874;4587;1719;3900;2019-12-28;2020-12-17;2023-02-14;Pending;10
O10162;1277;16069;829;1756;2019-08-09;2020-08-27;2024-03-24;Pending;4
O10163;4634;14058;802;1494;2017-12-14;2021-10-19;2022-01-27;Completed;3
O10164;2962;9547;865;1258;2016-09-12;2021-06-30;2025-05-13;Pending;8
O10165;3412;3796;1477;507;2019-12-24;2020-11-14;2023-04-08;Completed;7
O10166;3318;11184;833;2354;2016-10-28;2020-02-29;2023-04-30;Completed;2
O10167;2831;4409;1972;1971;2019-06-21;2021-02-03;2025-04-13;Completed;6
O10168;3365;5586;1640;4303;2016-01-04;2021-11-22;2023-06-07;Completed;3
O10169;1560;8652;842;1294;2018-10-06;2020-12-26;2025-10-27;Completed;8
O10170;2254;8658;808;3899;2019-02-02;2021-04-05;2026-02-03;Completed;8
O10171;4713;7458;1001;1020;2019-02-05;2021-11-21;2025-05-06;Completed;2
O10172;6596;4722;1641;804;2019-04-29;2020-11-17;2022-02-10;Completed;6
O10173;6380;10447;1661;734;2019-01-25;2020-04-12;2026-08-15;Completed;5
O10174;2242;11306;1851;4022;2019-11-05;2020-12-20;2026-04-03;Completed;3
O10175;1286;14561;1808;1859;2019-12-04;2021-12-25;2026-09-16;Completed;9
O10176;3067;4713;1784;3257;2019-01-31;2020-04-18;2026-10-15;Completed;10
O10177;5735;11382;1074;2337;2017-04-05;2020-09-15;2026-07-03;Completed;6
O10178;5512;5748;855;2853;2018-12-19;2021-04-21;2025-03-08;Completed;9
O10179;5437;12559;1140;1580;2018-01-29;2021-11-16;2022-10-17;Completed;2
O10180;4669;3020;1099;1485;2018-09-13;2021-09-26;2022-02-18;Completed;10
O10181;3818;16786;1825;4170;2017-02-08;2021-05-09;2025-09-26;Completed;5
O10182;4307;17936;1391;1287;2017-12-10;2021-03-20;2023-07-24;Completed;4
O10183;3763;16435;1753;4201;2016-07-16;2020-11-16;2023-11-28;Completed;3
O10184;3146;8188;1494;3330;2016-09-09;2020-10-11;2022-04-02;Completed;8
O10185;1400;12352;1451;2066;2018-03-24;2020-07-14;2022-05-15;Completed;1
O10186;3748;4103;1522;807;2016-11-02;2020-11-25;2026-03-04;Completed;6
O10187;2603;15284;1789;3909;2018-04-04;2021-05-09;2024-08-16;Completed;5
O10188;4112;13078;1397;2757;2016-02-04;2020-01-21;2024-12-10;Completed;5
O10189;4251;14230;1449;2238;2016-09-19;2021-03-23;2024-05-24;Completed;8
O10190;1871;10639;824;4514;2017-11-26;2020-03-21;2023-03-08;Completed;5
O10191;3908;18495;1449;1976;2019-08-15;2021-03-20;2024-11-26;Completed;3
O10192;5642;7082;1042;3630;2016-02-09;2021-05-14;2022-10-10;Completed;9
O10193;1011;11872;1273;4071;2017-06-18;2020-08-03;2025-12-06;Completed;5
O10194;3539;6586;1173;2692;2018-11-07;2021-06-27;2026-02-05;Completed;9
O10195;2213;15042;1636;993;2019-02-26;2020-02-01;2025-12-28;Completed;6
O10196;3474;3418;1657;571;2019-07-07;2021-05-15;2024-04-05;Completed;1
O10197;4788;4903;1213;4230;2016-04-21;2021-05-22;2023-06-09;Completed;9
O10198;3271;12833;834;2368;2018-11-09;2020-07-05;2026-03-21;Completed;9
O10199;3031;3347;1532;1985;2017-04-22;2021-05-10;2023-12-05;Completed;8
O10200;3480;18661;1852;2255;2016-12-08;2020-09-26;2022-12-05;Completed;1
O10201;2025;5900;1747;1540;2018-10-11;2020-03-14;2022-05-28;Completed;10
O10202;1562;6683;1942;663;2019-08-27;2020-01-19;2023-07-08;Completed;3
O10203;5664;12835;1328;3906;2019-11-16;2020-11-24;2025-06-26;Completed;2
O10204;4921;14716;1225;1075;2016-05-24;2020-12-12;2024-10-22;Completed;5
O10205;1240;6619;1272;1382;2017-12-26;2020-01-23;2023-04-10;Completed;5
O10206;1669;18337;1667;3170;2016-02-28;2021-02-10;2026-07-27;Completed;10
O10207;4067;13903;1716;1486;2017-06-07;2021-04-04;2024-01-04;Completed;4
O10208;3837;11022;1605;632;2017-07-24;2021-05-24;2025-01-26;Completed;9
O10209;6334;8113;1080;1173;2017-09-11;2021-06-12;2022-10-14;Completed;9
O10210;3588;18107;731;3678;2017-11-13;2020-08-07;2025-08-27;Completed;2
O10211;6017;9923;1272;1303;2019-09-22;2020-02-14;2022-08-16;Completed;5
O10212;3733;17661;1547;2096;2018-01-02;2021-07-22;2023-08-24;Completed;7
O10213;2377;17242;1941;2554;2017-11-07;2020-09-03;2022-09-11;Completed;8
O10214;5306;10243;1324;3702;2016-10-07;2021-01-21;2023-08-11;Completed;8
O10215;1676;7225;1716;3240;2017-05-24;2021-02-13;2024-01-24;Pending;3
O10216;1767;6914;1114;4038;2017-12-30;2020-07-25;2026-11-11;Completed;9
O10217;4828;14568;1240;1307;2017-09-23;2020-01-26;2025-05-16;Completed;3
O10218;4446;10224;1222;1505;2018-12-27;2021-06-09;2022-05-16;Completed;1
O10219;4481;11844;1941;581;2017-04-29;2021-05-05;2025-09-05;Completed;5
O10220;6042;10176;1473;1259;2018-09-17;2020-02-22;2022-02-28;Completed;7
O10221;1416;3526;1928;2692;2018-04-19;2020-07-18;2024-03-12;Completed;9
O10222;3402;10609;1304;3397;2018-02-18;2021-09-13;2024-05-19;Pending;8
O10223;3591;14034;1849;3715;2019-03-26;2020-07-20;2022-09-10;Completed;9
O10224;1310;12624;1204;3773;2017-05-29;2021-09-29;2024-06-19;Completed;8
O10225;3993;13801;1918;1264;2019-12-26;2021-02-24;2023-08-15;Pending;2
O10226;5960;4674;1437;1619;2018-04-23;2021-04-23;2022-06-20;Completed;4
O10227;1269;11289;1390;2598;2016-08-28;2021-12-14;2023-11-14;Completed;6
O10228;2969;18098;1759;3968;2016-10-23;2020-01-27;2026-03-26;Completed;9
O10229;3386;12635;1466;1234;2017-12-25;2020-03-02;2025-06-02;Completed;6
O10230;4832;18399;857;1246;2016-02-02;2021-02-26;2025-03-06;Completed;6
O10231;6385;4038;1192;1180;2016-10-13;2021-05-29;2024-05-25;Completed;5
O10232;5755;13576;751;4150;2019-12-12;2020-03-06;2023-04-25;Completed;6
O10233;5152;10955;724;1749;2019-10-12;2021-04-03;2026-06-30;Completed;2
O10234;1557;7078;1476;3786;2019-02-28;2021-04-03;2023-09-27;Completed;4
O10235;2922;11233;714;2805;2019-01-01;2020-05-29;2023-08-29;Completed;6
O10236;5224;13652;1482;3231;2016-06-08;2020-08-29;2026-02-04;Completed;6
O10237;6466;12899;1391;1749;2017-07-31;2021-05-23;2022-11-09;Completed;7
O10238;6001;9947;1865;4680;2016-07-20;2020-07-08;2022-09-04;Completed;9
O10239;1345;16863;1595;2170;2018-04-08;2021-10-26;2023-10-21;Completed;6
O10240;4767;12697;1886;2718;2016-08-07;2020-02-18;2026-11-09;Completed;5
O10241;2596;14452;1875;1816;2019-07-06;2021-08-20;2024-12-20;Completed;4
O10242;4300;7066;995;2214;2017-02-17;2020-08-10;2023-08-04;Completed;5
O10243;5146;10643;1113;1835;2019-12-15;2021-08-22;2026-03-16;Completed;10
O10244;3969;16431;1362;509;2019-09-11;2021-04-16;2022-09-07;Completed;9
O10245;4113;2465;892;3736;2017-06-16;2021-01-05;2024-04-24;Pending;6
O10246;2673;6052;1590;1570;2018-10-15;2021-02-14;2023-08-21;Completed;5
O10247;3419;6889;1959;1879;2018-01-03;2021-03-20;2024-03-25;Completed;10
O10248;4419;6176;1718;909;2018-11-29;2021-06-29;2024-04-21;Completed;6
O10249;5807;12520;1850;3510;2016-05-30;2021-07-21;2025-07-04;Completed;10
O10250;5340;17506;988;4589;2019-08-19;2020-10-23;2024-09-18;Completed;1
O10251;3922;12715;1467;2092;2016-09-20;2021-01-21;2025-02-20;Completed;9
O10252;3816;13716;1124;3760;2016-07-07;2020-11-07;2024-01-19;Completed;7
O10253;2070;3903;1891;1860;2016-03-22;2021-11-30;2023-10-07;Completed;6
O10254;3969;14673;1136;2136;2018-08-23;2020-03-06;2026-12-01;Completed;7
O10255;2078;13941;1704;4539;2018-07-10;2020-04-29;2024-11-05;Completed;7
O10256;4810;7094;1110;3811;2017-09-03;2020-05-12;2025-01-21;Completed;4
O10257;3204;15604;846;836;2019-06-05;2020-03-17;2022-03-19;Completed;8
O10258;2358;16164;1346;4076;2018-03-13;2021-12-16;2022-02-17;Completed;3
O10259;5276;6821;1654;2447;2016-10-31;2020-10-01;2026-11-25;Pending;5
O10260;2851;12212;1716;3412;2019-11-09;2020-11-16;2025-09-13;Completed;3
O10261;6044;8551;1275;2781;2016-10-23;2020-12-02;2023-09-03;Completed;5
O10262;4914;16309;1833;3541;2018-12-19;2021-03-05;2022-11-27;Completed;4
O10263;3410;2602;759;3252;2018-04-16;2020-01-21;2025-10-09;Completed;3
O10264;3982;5259;879;4458;2018-02-13;2021-07-19;2023-01-12;Completed;4
O10265;1587;10624;1731;3407;2018-06-14;2021-12-20;2022-06-30;Completed;3
O10266;3204;12146;1674;2436;2019-07-17;2021-05-09;2025-01-30;Completed;9
O10267;1336;12812;1677;2189;2016-08-21;2021-07-05;2023-07-29;Completed;10
O10268;3091;15283;1919;2771;2019-11-10;2021-07-07;2024-12-19;Completed;4
O10269;3643;4104;1315;790;2018-11-28;2021-06-29;2026-02-27;Completed;5
O10270;1009;9861;1610;1515;2019-02-17;2020-07-08;2023-03-20;Completed;7
O10271;2996;7447;1167;525;2019-10-31;2020-11-29;2025-11-18;Completed;1
O10272;4669;7713;862;3092;2018-01-08;2021-12-02;2022-07-26;Completed;1
O10273;2322;5887;1058;2980;2018-03-19;2021-06-09;2026-07-18;Completed;8
O10274;1452;16411;848;3232;2019-10-09;2021-05-30;2022-05-27;Completed;10
O10275;2727;14361;1628;1264;2016-01-09;2021-02-24;2025-08-23;Completed;3
O10276;2813;8648;1211;945;2019-01-08;2021-01-07;2026-05-16;Completed;7
O10277;1092;4882;2016;4563;2017-11-29;2020-12-22;2025-08-29;Completed;10
O10278;4874;9922;1360;1851;2019-07-02;2021-10-05;2022-09-20;Completed;7
O10279;5307;5165;1247;1553;2018-07-18;2021-07-05;2022-02-06;Completed;7
O10280;3098;7166;1452;2308;2016-05-05;2020-01-19;2025-01-09;Completed;3
O10281;5530;7385;800;960;2018-01-09;2021-03-03;2026-05-18;Completed;3
O10282;3951;5125;1184;1624;2019-03-03;2021-05-16;2024-03-22;Completed;4
O10283;6299;15380;799;4022;2016-03-26;2020-11-01;2023-12-05;Completed;5
O10284;2404;17778;1094;1799;2017-07-27;2020-06-21;2022-04-20;Completed;1
O10285;2943;12116;1765;4165;2019-05-20;2021-05-12;2023-02-19;Completed;7
O10286;2861;18549;1590;1828;2017-07-11;2020-02-03;2022-12-19;Completed;7
O10287;4091;16985;1192;3029;2017-01-19;2020-09-02;2025-01-25;Completed;1
O10288;3295;6780;1229;4334;2018-09-29;2021-10-17;2024-12-09;Completed;6
O10289;4230;14002;1901;3463;2018-09-29;2021-09-28;2026-02-27;Completed;1
O10290;6298;8925;1583;1044;2016-06-19;2020-12-28;2022-04-21;Completed;3
O10291;1489;5867;1874;2665;2018-07-19;2020-03-06;2026-05-19;Completed;2
O10292;1843;7466;1983;2621;2017-05-20;2021-08-16;2026-11-11;Completed;3
O10293;2984;11277;1202;3029;2016-05-09;2020-01-02;2024-09-24;Completed;8
O10294;2699;6487;1950;3971;2016-12-11;2021-06-17;2024-09-18;Completed;3
O10295;3797;12170;1834;2791;2019-03-30;2021-11-05;2023-07-16;Completed;1
O10296;5093;3885;1811;4106;2019-04-06;2020-07-11;2026-04-09;Pending;8
O10297;1415;11502;957;3932;2017-11-15;2021-07-31;2025-02-21;Pending;2
O10298;4948;12839;1284;4566;2017-11-30;2021-07-07;2025-07-27;Completed;9
O10299;2510;6926;959;4367;2019-11-10;2020-11-16;2024-03-03;Completed;6
O10300;5637;10748;778;2141;2019-03-19;2021-11-21;2025-12-28;Completed;3
O10301;2664;3650;707;500;2019-09-28;2021-03-04;2022-03-18;Completed;1
O10302;2340;9966;1845;3171;2016-03-03;2021-07-04;2024-05-24;Completed;5
O10303;4350;3271;1644;4533;2019-10-06;2021-12-23;2024-10-07;Pending;10
O10304;5538;5531;1642;1222;2016-12-03;2020-09-28;2024-12-10;Pending;1
O10305;6601;13484;1386;2033;2016-11-26;2021-04-09;2026-11-06;Completed;9
O10306;3355;2876;1871;527;2016-11-06;2020-12-16;2025-11-15;Completed;6
O10307;1731;18182;1064;3640;2017-08-07;2021-04-15;2024-03-10;Completed;5
O10308;1251;2745;1449;511;2018-11-02;2021-07-11;2022-09-23;Completed;9
O10309;6695;8610;846;1876;2019-07-05;2021-02-16;2025-02-22;Completed;6
O10310;6605;12619;1098;656;2018-04-03;2020-09-16;2025-03-11;Completed;5
O10311;6104;14339;1524;1308;2017-05-02;2021-10-11;2022-01-27;Completed;5
O10312;6284;4108;785;1217;2017-11-02;2021-10-07;2024-03-13;Completed;6
O10313;4107;9577;1591;3063;2018-07-24;2020-06-08;2024-12-29;Completed;6
O10314;2224;4269;1428;3153;2018-08-03;2021-05-31;2026-10-01;Completed;5
O10315;4559;8995;1330;2644;2018-05-05;2020-05-10;2023-06-02;Completed;5
O10316;1175;8807;1291;2160;2019-06-10;2021-01-16;2024-08-16;Pending;2
O10317;5820;7470;1310;4148;2019-04-18;2021-04-26;2025-07-31;Completed;8
O10318;3519;3179;894;4284;2018-07-18;2021-01-11;2024-11-25;Completed;1
O10319;4909;14439;1960;4063;2019-09-29;2021-04-08;2023-08-09;Completed;9
O10320;4262;17231;1854;1143;2016-10-15;2020-09-03;2026-08-27;Completed;9
O10321;5153;11739;1088;2487;2019-05-14;2020-08-12;2023-06-15;Completed;10
O10322;3963;12723;1425;2076;2018-09-06;2021-08-01;2024-08-07;Pending;8
O10323;4471;17307;737;3995;2018-12-05;2020-04-06;2022-04-14;Completed;2
O10324;5795;15463;1765;3659;2018-10-28;2021-03-29;2022-05-20;Completed;8
O10325;6453;2584;1516;1389;2018-11-27;2020-07-08;2024-11-20;Completed;5
O10326;2794;12859;1093;573;2018-12-09;2021-12-20;2023-01-02;Completed;7
O10327;6657;16931;1587;2828;2017-09-20;2021-04-23;2023-02-12;Pending;10
O10328;6456;6317;1892;3126;2018-03-07;2020-04-11;2025-09-22;Completed;7
O10329;1564;4506;1662;3307;2019-08-25;2020-02-25;2026-11-19;Completed;6
O10330;1915;9144;1300;1976;2019-06-04;2021-07-21;2023-12-01;Completed;2
O10331;2377;9035;767;4267;2019-09-17;2020-04-16;2024-06-08;Completed;5
O10332;1640;7771;1774;3198;2016-05-02;2021-03-31;2026-12-29;Completed;4
O10333;3506;2823;962;3931;2016-04-28;2020-04-30;2023-12-07;Completed;10
O10334;2450;10291;1179;1053;2017-04-30;2020-02-15;2026-11-28;Completed;9
O10335;6224;17684;1567;3726;2018-04-03;2021-09-09;2022-12-06;Completed;4
O10336;2403;17223;1455;4028;2019-04-09;2020-07-13;2025-01-13;Completed;8
O10337;5053;8084;1007;3803;2017-05-14;2021-12-13;2023-09-13;Completed;2
O10338;1727;4792;2001;4698;2018-08-01;2020-07-06;2026-01-13;Completed;5
O10339;2186;2537;818;3046;2016-10-07;2021-02-13;2025-03-28;Pending;10
O10340;3941;4204;1891;4346;2019-05-16;2020-11-23;2023-11-21;Completed;4
O10341;3346;13825;1481;1417;2017-04-25;2020-02-19;2023-07-03;Completed;4
O10342;3554;4364;1588;3919;2018-10-14;2020-04-10;2026-05-13;Completed;10
O10343;1667;12771;1715;661;2019-11-28;2021-07-11;2022-01-30;Completed;9
O10344;5388;13026;1522;4179;2016-09-19;2020-11-22;2023-12-17;Completed;6
O10345;5120;15567;790;1619;2019-02-02;2020-10-28;2024-02-09;Completed;4
O10346;2064;4001;1995;3461;2019-05-05;2020-01-16;2023-03-09;Completed;10
O10347;3043;13795;1361;2661;2017-04-26;2020-12-24;2024-04-19;Completed;8
O10348;3831;15814;1983;1372;2017-09-16;2020-06-05;2026-09-21;Completed;3
O10349;4189;16100;1820;3792;2018-02-19;2020-08-01;2023-12-30;Completed;4
O10350;5447;12126;944;1502;2017-07-20;2021-09-15;2023-07-25;Completed;9
O10351;2060;8337;1527;3838;2017-07-21;2020-02-20;2022-10-19;Pending;5
O10352;1810;14885;1218;999;2018-03-26;2021-07-09;2026-01-11;Completed;10
O10353;3378;9810;1726;3008;2019-12-12;2020-10-03;2025-03-06;Completed;9
O10354;6679;18178;1533;1255;2017-04-22;2021-10-01;2024-01-05;Completed;8
O10355;6023;16830;1247;2997;2018-11-04;2021-10-08;2023-01-31;Completed;4
O10356;5119;11465;1667;2234;2018-03-17;2020-03-14;2024-07-08;Completed;7
O10357;4478;10267;1771;3749;2017-05-23;2020-05-14;2022-07-25;Completed;1
O10358;5380;6431;1212;1454;2019-01-28;2020-07-06;2023-03-12;Completed;6
O10359;1769;14065;1496;2457;2016-02-28;2021-12-05;2024-12-08;Completed;8
O10360;1768;12341;1869;3016;2016-06-28;2021-01-07;2025-07-25;Pending;4
O10361;5919;3248;1742;2749;2016-09-17;2020-11-14;2026-10-22;Pending;10
O10362;6258;10411;1251;4109;2017-01-04;2021-11-20;2023-08-04;Completed;7
O10363;4385;5544;1989;1907;2019-11-16;2021-02-05;2024-12-22;Completed;1
O10364;5395;9415;1691;3545;2017-06-05;2021-11-16;2024-02-14;Completed;2
O10365;5935;2650;1327;2191;2019-03-08;2021-12-17;2026-07-21;Completed;9
O10366;4191;7754;928;2407;2017-12-29;2021-06-12;2026-04-07;Completed;8
O10367;4620;9187;1469;2727;2019-11-30;2020-03-20;2022-09-22;Completed;5
O10368;3392;18679;941;1696;2018-01-07;2020-01-08;2022-04-11;Completed;7
O10369;2721;15664;894;2034;2016-06-06;2021-01-09;2024-04-01;Completed;7
O10370;2682;17725;1721;4200;2016-06-20;2020-04-20;2022-06-19;Completed;4
O10371;6199;14429;2001;4255;2018-05-23;2020-12-31;2025-08-09;Completed;3
O10372;5670;12736;975;2766;2017-12-23;2020-09-10;2026-03-21;Completed;9
O10373;5557;15597;1807;2683;2019-07-19;2020-03-02;2023-05-26;Completed;4
O10374;6423;14433;1111;1904;2019-06-28;2020-08-18;2023-09-25;Completed;5
O10375;4796;3659;1222;4131;2016-04-11;2021-05-30;2026-05-29;Completed;1
O10376;6102;2586;1586;813;2016-04-22;2020-10-05;2026-09-18;Completed;5
O10377;2272;6441;1681;3922;2017-06-19;2020-06-28;2022-01-20;Completed;2
O10378;3635;16587;1710;4062;2016-11-06;2021-01-06;2022-06-11;Completed;1
O10379;3130;5726;1349;1836;2017-11-13;2021-11-15;2025-06-11;Completed;6
O10380;6415;3710;857;3830;2019-05-17;2020-01-15;2023-09-19;Completed;1
O10381;2539;7819;752;1548;2017-11-22;2020-02-25;2024-06-23;Completed;10
O10382;1756;3927;1465;697;2016-04-29;2020-03-18;2026-12-19;Pending;3
O10383;5411;5233;1428;2739;2018-03-03;2020-06-28;2024-07-19;Completed;4
O10384;4313;17748;1074;1091;2019-11-18;2020-10-18;2024-02-25;Completed;9
O10385;5351;18156;927;4565;2017-04-07;2021-05-09;2025-12-17;Completed;8
O10386;5252;5471;1611;688;2017-09-23;2020-03-24;2022-10-24;Completed;7
O10387;6164;8591;1400;2252;2018-11-22;2021-07-15;2026-05-16;Completed;10
O10388;1683;7925;1239;1179;2018-07-29;2021-11-10;2024-08-19;Completed;9
O10389;2949;7608;1609;3144;2016-04-20;2020-09-23;2024-04-03;Completed;8
O10390;4706;16803;1571;3014;2019-11-21;2021-05-21;2022-05-13;Completed;8
O10391;5523;13653;1485;936;2017-07-23;2020-06-26;2026-04-14;Completed;7
O10392;4471;4489;1150;2328;2019-04-23;2020-08-15;2026-08-16;Completed;2
O10393;4236;6099;1440;1880;2018-01-31;2021-12-29;2026-10-18;Completed;8
O10394;3697;10249;1611;1256;2017-05-28;2021-05-12;2022-01-18;Completed;4
O10395;3222;10607;1509;949;2016-04-22;2021-12-09;2025-12-08;Completed;6
O10396;5242;2633;1772;3694;2016-09-10;2020-04-06;2024-09-06;Pending;7
O10397;5126;17255;1413;3830;2016-03-15;2020-02-15;2024-01-30;Completed;7
O10398;4926;17403;1462;3498;2018-09-05;2020-09-21;2024-09-16;Completed;3
O10399;4755;7961;1432;715;2018-12-05;2021-08-09;2025-12-26;Completed;8
O10400;5578;18716;1300;3692;2018-12-05;2020-07-07;2025-02-13;Completed;3
O10401;5287;17369;1199;788;2018-07-31;2021-06-21;2023-09-01;Completed;9
O10402;3740;9681;1330;4103;2019-08-13;2021-11-02;2025-08-24;Completed;5
O10403;6099;8313;1790;3421;2016-11-07;2020-09-25;2022-11-03;Completed;8
O10404;4585;17643;1511;4433;2019-10-18;2021-09-14;2022-11-03;Completed;1
O10405;5326;6741;728;4652;2018-06-15;2021-12-20;2025-08-21;Pending;1
O10406;1283;7023;903;3313;2018-11-27;2021-11-09;2025-11-24;Completed;2
O10407;4817;18024;1153;2082;2017-07-07;2020-07-31;2023-11-08;Completed;3
O10408;3040;6826;1068;1931;2019-11-10;2020-08-09;2022-06-18;Completed;4
O10409;3618;4536;1217;3059;2018-12-26;2020-03-29;2022-01-01;Completed;10
O10410;4592;17121;949;3823;2016-01-03;2020-12-22;2025-01-22;Completed;1
O10411;6598;7227;814;2042;2018-09-09;2020-03-21;2023-12-22;Completed;8
O10412;1869;5032;1643;3714;2017-08-14;2020-06-12;2025-07-29;Completed;5
O10413;1322;18694;1524;3364;2018-01-26;2021-06-14;2024-07-05;Completed;10
O10414;4114;6608;1825;2426;2018-02-20;2021-06-24;2025-07-02;Completed;5
O10415;1714;5957;1816;537;2017-07-05;2020-08-02;2025-02-12;Completed;1
O10416;6424;4736;806;1428;2018-12-14;2021-09-02;2025-08-03;Completed;10
O10417;4018;14857;1513;3548;2016-05-31;2021-11-19;2022-07-27;Completed;5
O10418;1429;9514;1589;1408;2019-03-06;2020-04-08;2025-07-10;Completed;6
O10419;4483;8262;1999;1722;2017-03-18;2021-05-24;2026-02-07;Completed;9
O10420;6148;8427;1183;1478;2017-05-15;2020-02-27;2026-03-04;Completed;1
O10421;3818;13833;1274;2803;2017-06-29;2020-04-23;2025-08-05;Completed;5
O10422;3253;3456;1984;1973;2018-06-30;2021-01-28;2022-12-03;Completed;4
O10423;6079;7773;1164;4173;2018-07-01;2021-02-01;2022-07-21;Completed;3
O10424;3876;12455;1161;2214;2019-05-20;2021-09-06;2022-12-18;Completed;7
O10425;1809;9903;1645;2894;2019-09-29;2020-05-01;2026-08-05;Pending;10
O10426;4022;15330;1685;2940;2018-05-20;2021-09-09;2023-08-27;Pending;9
O10427;3577;7884;1664;2043;2016-04-23;2021-11-09;2022-07-28;Completed;10
O10428;2839;8074;1554;2328;2016-09-01;2020-01-25;2023-10-31;Pending;5
O10429;6351;11316;1000;2240;2016-12-18;2020-03-01;2025-12-11;Completed;2
O10430;4914;5192;836;4025;2019-04-22;2021-06-14;2024-02-20;Completed;4
O10431;5715;9232;1542;2237;2016-06-09;2020-05-18;2025-01-22;Completed;9
O10432;2177;5362;1858;1224;2019-04-01;2021-07-22;2023-04-02;Pending;4
O10433;5355;16313;1378;3617;2017-11-09;2020-07-30;2025-12-12;Completed;7
O10434;2982;5073;1727;1285;2017-09-15;2020-09-02;2025-01-24;Completed;10
O10435;3790;10041;1972;2854;2018-01-05;2021-04-12;2022-01-13;Completed;8
O10436;3155;11025;1869;3939;2016-10-17;2020-11-15;2024-12-19;Completed;1
O10437;4940;15771;1415;779;2016-12-24;2021-01-21;2024-01-15;Completed;6
O10438;3875;5364;1324;1678;2016-10-09;2021-03-17;2026-01-20;Completed;4
O10439;2861;5175;1284;920;2017-01-19;2021-06-22;2024-02-04;Completed;5
O10440;5449;14968;741;2578;2016-07-25;2020-04-22;2022-10-17;Completed;2
O10441;2554;7333;1250;4014;2019-01-30;2021-09-21;2026-09-12;Completed;1
O10442;1075;6908;1945;1855;2016-10-20;2020-08-10;2024-01-10;Pending;10
O10443;1669;6359;962;2780;2019-06-29;2021-11-15;2023-05-13;Completed;4
O10444;3317;12250;2000;1056;2018-09-17;2021-03-03;2026-01-02;Completed;1
O10445;2354;15080;1503;4280;2018-06-07;2020-02-19;2026-05-02;Completed;7
O10446;5414;18410;1223;1010;2018-12-03;2021-12-23;2024-10-28;Completed;1
O10447;2156;15933;1345;2121;2018-03-04;2020-02-14;2025-03-20;Completed;4
O10448;1350;2620;891;508;2019-08-16;2020-01-23;2023-11-23;Completed;2
O10449;5315;2218;1410;605;2017-03-05;2021-09-27;2023-11-27;Completed;10
O10450;5892;15753;1355;3728;2019-08-29;2021-08-06;2024-11-01;Completed;9
O10451;1508;16506;1327;2644;2019-09-30;2021-08-15;2024-01-06;Completed;3
O10452;1829;6643;1899;1796;2016-12-21;2020-03-17;2025-03-16;Pending;5
O10453;6147;14416;1957;2733;2016-05-07;2021-01-17;2025-07-30;Pending;1
O10454;5035;18238;1886;3720;2018-06-11;2020-02-13;2026-11-27;Completed;9
O10455;3180;16495;823;3254;2016-03-30;2020-12-20;2022-09-21;Pending;1
O10456;4326;11788;753;948;2017-08-05;2021-12-22;2025-04-10;Completed;6
O10457;4120;6571;989;630;2018-03-11;2021-07-18;2024-02-29;Completed;4
O10458;1720;12630;1665;3924;2016-04-19;2021-08-03;2026-04-05;Pending;6
O10459;2971;18234;1348;3100;2017-05-27;2021-02-16;2024-02-18;Completed;9
O10460;5389;4160;1299;3598;2016-10-10;2020-01-10;2026-06-27;Completed;1
O10461;1684;9319;1381;1681;2018-03-29;2021-05-09;2026-05-02;Completed;3
O10462;6451;12840;1014;1434;2017-12-30;2021-09-26;2023-09-14;Completed;6
O10463;1308;15435;1974;1676;2017-06-18;2020-02-02;2025-06-07;Completed;3
O10464;5035;17962;1474;3630;2019-05-24;2020-08-10;2025-11-27;Completed;8
O10465;6630;15509;1241;1426;2017-09-16;2020-08-01;2026-12-23;Completed;8
O10466;4876;6366;1956;1838;2019-10-28;2021-09-22;2023-07-25;Completed;3
O10467;5796;9670;1906;3666;2016-02-14;2020-06-11;2025-12-29;Completed;6
O10468;2557;7435;1879;4265;2017-12-13;2020-02-29;2024-01-11;Completed;6
O10469;2828;4366;1985;2970;2017-01-14;2020-12-11;2022-03-23;Completed;10
O10470;2946;15603;1415;3226;2018-03-01;2021-06-16;2023-07-06;Completed;4
O10471;4262;5522;901;4028;2017-10-05;2020-12-17;2023-02-01;Completed;2
O10472;2533;2674;732;1552;2016-07-31;2020-11-10;2022-07-14;Completed;7
O10473;2653;8428;1043;513;2016-06-11;2020-08-30;2024-03-13;Completed;2
O10474;3197;9211;1813;1818;2017-03-26;2021-02-10;2023-11-11;Completed;10
O10475;5770;4135;1222;4057;2016-01-18;2020-01-31;2023-02-27;Completed;3
O10476;4848;11937;1840;2527;2016-01-02;2020-01-12;2026-10-01;Completed;3
O10477;5919;6109;1113;3947;2019-08-23;2020-01-27;2024-09-26;Completed;4
O10478;2887;2790;769;2646;2018-05-19;2020-07-14;2023-05-06;Completed;8
O10479;3243;9602;1649;3559;2016-09-21;2021-06-10;2025-02-02;Pending;7
O10480;1918;7830;1679;3320;2018-11-21;2021-01-11;2025-08-03;Completed;6
O10481;1190;18093;1960;2871;2017-08-31;2021-05-14;2023-03-30;Completed;2
O10482;2940;3535;1834;3461;2016-05-11;2021-05-23;2023-04-28;Completed;2
O10483;3705;7858;1159;3903;2018-11-28;2021-02-10;2022-09-23;Completed;1
O10484;2619;13621;1343;3896;2018-06-15;2021-06-08;2025-03-22;Completed;6
O10485;4020;6020;1270;4482;2017-10-16;2021-03-29;2022-01-09;Completed;8
O10486;3230;11480;1898;2334;2017-04-04;2020-12-01;2026-08-05;Completed;6
O10487;1294;17304;1437;2983;2019-06-12;2021-10-28;2026-12-13;Completed;5
O10488;4583;2817;1879;844;2019-07-09;2020-06-19;2026-07-28;Completed;8
O10489;4487;3561;1321;3104;2016-03-28;2021-06-09;2025-04-01;Completed;3
O10490;2073;14655;1996;2811;2016-04-17;2021-04-04;2026-05-04;Completed;8
O10491;3180;3791;1687;2372;2016-04-11;2021-06-19;2026-07-24;Completed;2
O10492;2246;3596;1905;4657;2017-03-05;2021-01-18;2022-04-22;Completed;5
O10493;1432;10856;1216;1371;2018-07-11;2021-10-18;2023-01-19;Completed;5
O10494;2458;10858;1028;2600;2017-09-12;2021-06-18;2022-05-05;Completed;8
O10495;1752;17413;1376;1426;2017-03-19;2020-08-06;2024-06-10;Completed;6
O10496;2085;14087;920;4425;2017-09-03;2021-12-20;2024-10-20;Completed;6
O10497;2191;9862;1461;4081;2016-08-03;2020-04-19;2025-01-03;Completed;1
O10498;3898;17584;806;3260;2019-02-18;2020-06-17;2022-03-04;Completed;3
O10499;3084;15068;731;2271;2017-10-31;2021-06-01;2026-11-08;Pending;9
O10500;6285;10362;1680;4284;2019-04-12;2021-11-15;2025-04-30;Completed;9
O10501;4904;2037;1976;1501;2016-08-20;2021-07-19;2025-04-06;Completed;5
O10502;5071;13960;1981;1357;2016-07-21;2021-05-19;2022-07-28;Completed;9
O10503;2817;14283;1954;3983;2017-09-06;2021-01-05;2022-03-08;Completed;1
O10504;3899;5878;727;2477;2019-01-01;2020-09-23;2024-04-25;Completed;8
O10505;6415;14076;816;1116;2016-02-05;2021-02-19;2024-07-03;Completed;9
O10506;1369;3570;1840;4187;2018-02-01;2021-04-01;2022-08-10;Completed;6
O10507;3202;13610;1326;3036;2017-09-08;2021-09-30;2025-03-14;Completed;7
O10508;1463;6401;1199;1899;2017-06-30;2020-10-11;2024-12-09;Completed;5
O10509;3295;3987;1094;2368;2016-09-09;2020-08-12;2023-12-29;Completed;9
O10510;6051;13112;1521;1198;2016-07-11;2020-05-14;2024-02-14;Completed;6
O10511;2666;16437;939;4366;2018-12-01;2021-06-01;2025-09-22;Completed;3
O10512;1597;7298;1273;4473;2017-06-16;2021-08-27;2022-10-15;Completed;2
O10513;5133;4771;1171;3387;2016-07-18;2021-11-26;2026-01-28;Completed;8
O10514;4390;3296;1441;4616;2017-01-10;2020-08-12;2023-03-26;Completed;3
O10515;1872;6610;1743;2818;2018-12-10;2020-01-12;2025-07-10;Completed;4
O10516;3826;13517;1100;2662;2017-03-25;2021-01-18;2024-04-22;Completed;2
O10517;2419;16452;1549;2084;2017-12-28;2021-06-06;2025-05-30;Completed;7
O10518;4320;11366;1413;3643;2017-01-25;2020-09-02;2023-08-15;Completed;1
O10519;1324;16883;1690;4231;2017-06-11;2020-08-03;2025-10-27;Completed;6
O10520;3928;11380;1070;546;2019-06-24;2021-10-23;2024-04-06;Completed;6
O10521;2945;10530;1737;1629;2017-02-16;2020-11-15;2026-05-24;Pending;6
O10522;2796;11863;798;3125;2018-07-03;2020-07-20;2022-01-27;Pending;5
O10523;1408;9789;1378;1431;2019-09-09;2021-06-20;2022-08-02;Completed;9
O10524;5996;10045;1927;2830;2019-06-22;2020-01-02;2022-12-20;Completed;1
O10525;6457;2644;958;848;2016-08-04;2020-09-19;2025-04-07;Completed;5
O10526;5523;12117;1272;4405;2019-02-16;2020-12-18;2023-12-09;Completed;5
O10527;6031;10899;1255;2521;2017-06-21;2021-12-03;2025-04-25;Completed;8
O10528;3610;5340;720;4149;2016-08-21;2021-03-30;2026-10-04;Completed;2
O10529;6024;5993;735;3236;2019-05-21;2020-07-14;2023-03-31;Pending;1
O10530;3994;15613;1072;1061;2016-10-20;2021-08-02;2024-04-15;Completed;6
O10531;2401;18083;1020;3871;2018-09-08;2020-07-29;2024-01-14;Completed;3
O10532;4003;10895;1263;2000;2017-03-14;2021-10-07;2026-04-28;Pending;8
O10533;2905;5530;1100;2006;2019-09-15;2021-01-24;2024-03-16;Completed;10
O10534;1923;15992;1694;2088;2018-05-14;2021-09-27;2022-10-09;Completed;6
O10535;4391;9462;1850;1656;2017-08-31;2020-12-28;2025-06-21;Completed;9
O10536;5103;17288;1350;4581;2017-08-20;2020-05-20;2025-06-02;Completed;9
O10537;6022;13866;952;597;2016-08-14;2021-09-25;2022-04-05;Completed;8
O10538;2595;18322;1858;1573;2019-10-28;2021-07-09;2026-10-03;Completed;3
O10539;6373;10703;2015;707;2019-02-11;2021-10-26;2022-03-05;Completed;5
O10540;2662;14835;1560;1195;2017-01-10;2020-02-01;2026-11-04;Completed;1
O10541;5928;11767;1726;4462;2016-03-09;2020-12-10;2022-05-10;Pending;8
O10542;5552;16810;1289;2482;2019-12-10;2020-05-05;2023-10-07;Completed;9
O10543;4503;14539;1353;1136;2019-12-16;2020-04-14;2025-03-12;Completed;1
O10544;1928;5015;1925;3249;2019-10-12;2020-12-20;2022-11-27;Completed;10
O10545;4626;8963;1094;4341;2018-08-12;2021-08-13;2024-06-03;Completed;4
O10546;1084;11865;1073;3824;2016-12-11;2021-11-05;2026-01-24;Pending;7
O10547;5425;18021;1133;958;2019-08-17;2021-09-11;2024-03-24;Completed;1
O10548;1538;16641;1525;1015;2017-11-16;2020-02-27;2026-08-10;Completed;9
O10549;2548;15713;1542;2813;2019-06-05;2020-07-20;2026-11-07;Completed;5
O10550;4895;18165;927;1939;2017-12-11;2020-12-08;2023-05-19;Completed;10
O10551;3543;15111;1774;4316;2017-10-12;2020-03-03;2026-10-10;Completed;6
O10552;2526;10241;861;3123;2017-04-17;2021-04-25;2025-05-29;Completed;2
O10553;3492;16798;1787;1587;2019-07-10;2021-11-28;2026-06-17;Completed;2
O10554;2042;12446;1651;2893;2017-02-16;2020-02-14;2023-09-25;Completed;2
O10555;6516;18338;1143;1868;2017-03-27;2020-10-22;2022-09-29;Completed;1
O10556;5321;16046;1848;1621;2018-01-14;2020-12-23;2025-05-21;Completed;4
O10557;2178;9142;941;3918;2016-05-12;2020-01-31;2022-11-05;Completed;1
O10558;4322;13317;1159;4516;2017-04-26;2020-12-23;2025-12-08;Completed;7
O10559;3120;5354;1162;3535;2016-12-08;2021-01-23;2024-09-03;Completed;2
O10560;3910;6590;1457;1988;2016-04-16;2021-06-08;2026-05-09;Completed;6
O10561;3446;12076;886;2000;2019-12-08;2020-02-13;2022-08-13;Completed;9
O10562;3247;17126;1474;3085;2017-06-12;2020-10-29;2024-09-16;Completed;5
O10563;4866;17217;993;3763;2019-10-06;2021-05-10;2023-02-20;Completed;7
O10564;2211;18654;1829;753;2016-03-29;2021-09-10;2022-07-20;Completed;8
O10565;5607;6888;1148;4424;2017-02-14;2021-12-24;2022-04-19;Completed;8
O10566;5639;5119;1500;1605;2019-02-20;2020-01-11;2026-02-10;Completed;1
O10567;3143;12863;735;1787;2019-05-26;2020-01-25;2023-08-05;Completed;8
O10568;3093;4763;1335;1827;2019-12-27;2021-09-20;2025-06-03;Completed;10
O10569;2857;7053;1920;533;2018-04-27;2020-05-20;2023-06-26;Completed;4
O10570;4053;11625;1359;4371;2019-01-08;2020-02-01;2026-10-06;Completed;5
O10571;3221;6975;1143;1556;2019-10-20;2020-07-06;2024-10-17;Completed;7
O10572;2794;6468;1232;1945;2016-03-05;2020-11-26;2024-05-12;Completed;7
O10573;5236;5713;1227;1655;2019-05-13;2021-10-05;2026-12-13;Completed;8
O10574;6011;15175;1261;4053;2019-06-29;2020-03-22;2025-12-10;Completed;4
O10575;5319;9893;1841;661;2017-01-21;2020-11-12;2024-04-07;Completed;1
O10576;2198;6639;2011;1710;2018-12-23;2020-01-09;2025-05-11;Completed;6
O10577;2294;18332;1896;1611;2019-11-24;2020-02-06;2023-01-14;Completed;7
O10578;4201;4091;1860;1401;2017-09-07;2021-07-23;2022-08-13;Pending;9
O10579;4274;12811;865;2931;2019-01-25;2021-12-27;2023-05-07;Completed;6
O10580;2475;12187;1276;1310;2019-07-28;2020-05-02;2022-09-03;Completed;10
O10581;5105;9275;1353;968;2018-08-09;2021-08-21;2026-06-23;Completed;3
O10582;3488;4351;882;3968;2016-07-08;2021-12-01;2025-05-19;Completed;4
O10583;3729;14808;889;3252;2018-06-18;2021-12-19;2023-09-25;Completed;5
O10584;1940;13757;1293;3799;2019-03-10;2021-10-18;2024-12-15;Completed;6
O10585;4509;6143;1729;3050;2016-01-26;2021-12-07;2024-09-20;Pending;8
O10586;5072;10087;1056;1015;2018-09-21;2021-03-10;2025-12-21;Completed;5
O10587;3381;6624;1428;3889;2017-06-30;2020-11-06;2022-08-27;Completed;8
O10588;6346;2353;1136;4325;2016-12-29;2021-11-23;2026-12-04;Completed;4
O10589;2994;17607;737;2601;2016-11-01;2020-01-18;2023-03-24;Completed;10
O10590;5951;2174;711;3729;2019-09-30;2021-12-21;2023-08-14;Completed;6
O10591;4867;14383;1298;2450;2019-09-19;2020-07-15;2023-07-06;Completed;2
O10592;1858;4733;1151;707;2018-12-04;2020-11-10;2024-09-06;Pending;9
O10593;3530;17077;1551;1066;2019-09-26;2020-03-23;2026-09-15;Completed;3
O10594;5756;2460;874;3941;2017-10-14;2021-10-20;2025-10-04;Completed;4
O10595;3575;18630;1305;1161;2017-09-03;2021-07-06;2026-09-18;Completed;3
O10596;2428;4411;842;2267;2018-08-30;2021-03-01;2023-07-16;Pending;10
O10597;2090;2923;817;553;2018-07-12;2020-11-10;2024-01-30;Completed;9
O10598;3007;11365;1576;1358;2019-04-15;2020-07-08;2023-03-19;Completed;10
O10599;4697;16521;1848;4694;2019-09-29;2021-09-22;2026-12-18;Completed;4
O10600;4751;9874;1256;2391;2019-07-11;2021-02-09;2024-12-30;Completed;7
O10601;2647;18054;1922;661;2017-09-24;2021-05-24;2023-12-07;Completed;10
O10602;5384;16939;1947;1968;2016-12-21;2020-12-21;2026-10-17;Completed;2
O10603;2252;13819;1092;1199;2018-01-27;2021-05-31;2024-09-03;Completed;1
O10604;2010;17911;1909;4336;2019-03-14;2021-04-27;2025-09-04;Pending;3
O10605;5152;14119;826;4615;2018-12-30;2020-03-29;2022-12-12;Completed;2
O10606;5230;11488;1388;2346;2017-10-04;2021-10-04;2022-07-25;Completed;1
O10607;3373;4706;1549;2183;2017-09-04;2020-10-26;2023-12-08;Completed;4
O10608;2640;4392;751;2675;2017-12-20;2020-02-23;2026-04-17;Completed;3
O10609;3308;5758;864;2420;2018-03-18;2021-03-16;2025-08-13;Completed;10
O10610;4777;4590;880;1496;2016-09-11;2021-08-17;2025-11-27;Completed;7
O10611;2973;3548;1343;1866;2017-09-12;2021-07-09;2022-08-21;Completed;10
O10612;5763;11378;1759;4331;2017-02-25;2021-05-12;2022-01-01;Completed;5
O10613;5247;2038;1287;4628;2016-06-03;2021-08-10;2026-05-02;Completed;1
O10614;3270;3121;1118;1278;2019-12-22;2021-03-23;2024-10-04;Pending;9
O10615;5785;12052;930;574;2016-09-25;2021-08-30;2022-04-18;Completed;2
O10616;2984;5326;1436;2616;2018-06-25;2020-06-01;2026-01-23;Completed;6
O10617;2942;15722;1571;1401;2019-07-03;2021-12-12;2024-10-13;Completed;5
O10618;4774;7419;1877;3862;2018-01-08;2021-09-24;2023-10-14;Completed;9
O10619;2675;2073;1726;1051;2019-08-23;2020-03-31;2023-05-27;Completed;9
O10620;5711;7060;1184;2104;2019-12-22;2021-05-04;2025-07-06;Completed;4
O10621;5862;12792;773;2742;2017-10-30;2020-06-22;2024-02-10;Completed;5
O10622;6271;11149;775;1602;2019-02-07;2021-03-08;2025-02-09;Completed;8
O10623;5600;12293;1457;855;2017-10-29;2020-01-06;2023-03-17;Completed;9
O10624;6116;12984;868;3696;2019-09-06;2020-08-06;2024-01-10;Completed;6
O10625;1283;16879;836;4439;2018-08-19;2020-04-06;2026-03-07;Completed;6
O10626;5636;17739;752;3211;2016-04-17;2020-04-08;2025-01-20;Completed;3
O10627;6399;13656;741;2275;2017-12-07;2020-09-27;2023-03-19;Completed;7
O10628;5885;6898;1961;3981;2017-12-14;2020-10-03;2022-09-21;Completed;3
O10629;5764;14668;1447;4178;2019-11-17;2020-07-23;2022-01-31;Completed;1
O10630;4047;13082;1895;3902;2016-04-12;2020-04-28;2025-01-08;Completed;5
O10631;6062;2639;1949;3566;2016-09-08;2020-11-22;2022-10-15;Completed;2
O10632;1874;14430;1822;4279;2019-12-19;2021-03-15;2022-05-20;Pending;5
O10633;6442;5169;740;1592;2018-07-04;2021-09-19;2024-09-03;Completed;10
O10634;5308;8830;951;3112;2017-04-16;2020-04-19;2026-04-20;Completed;2
O10635;5249;7332;1030;2282;2019-11-14;2020-06-20;2022-09-04;Completed;5
O10636;1918;5444;1721;4303;2018-07-28;2020-08-09;2023-10-16;Completed;6
O10637;5721;6576;1213;2597;2017-01-01;2021-02-11;2025-02-23;Completed;3
O10638;5935;3680;1566;3036;2016-01-27;2021-09-17;2023-06-11;Completed;1
O10639;5205;5249;978;723;2016-01-31;2021-04-26;2022-06-23;Completed;9
O10640;2316;2749;1770;4041;2019-10-18;2021-05-15;2024-03-01;Completed;6
O10641;4450;7037;949;4184;2018-10-15;2020-10-07;2022-10-10;Completed;3
O10642;3844;7389;1978;1105;2019-08-30;2021-07-28;2025-07-19;Completed;8
O10643;1036;10049;1026;1472;2017-08-18;2020-08-11;2023-06-29;Completed;4
O10644;1334;15585;1310;548;2018-09-08;2021-09-05;2022-07-08;Completed;3
O10645;5755;4888;1914;2197;2019-04-22;2020-11-06;2023-08-27;Completed;5
O10646;3011;13609;898;1100;2019-02-20;2020-12-03;2025-09-04;Completed;2
O10647;4598;16233;1930;839;2016-09-18;2020-11-19;2023-12-17;Completed;10
O10648;2343;17826;1643;3859;2016-05-15;2021-03-18;2023-06-12;Completed;6
O10649;3996;14332;1958;3805;2019-06-17;2020-07-06;2023-02-08;Completed;2
O10650;3727;5013;1712;694;2016-04-07;2021-11-11;2023-08-28;Completed;4
O10651;6584;5919;1435;1526;2016-07-27;2021-09-05;2022-12-01;Completed;4
O10652;5327;12799;1156;3570;2016-11-04;2020-07-05;2025-07-13;Completed;8
O10653;6464;2924;892;3050;2019-09-28;2021-05-26;2025-02-05;Completed;8
O10654;6233;16882;1658;4172;2018-08-12;2020-10-05;2024-03-21;Completed;2
O10655;2006;8242;1198;1779;2019-03-19;2020-06-28;2024-12-31;Completed;3
O10656;2095;15863;881;1890;2016-11-08;2020-11-11;2024-10-28;Completed;7
O10657;2787;14179;1687;637;2018-12-15;2020-09-02;2022-01-10;Pending;6
O10658;4677;9551;931;606;2016-11-08;2021-06-10;2025-10-16;Pending;10
O10659;2380;16742;1302;4606;2016-12-19;2021-01-06;2026-10-01;Completed;8
O10660;5240;15452;1688;804;2019-04-25;2020-04-14;2023-12-16;Completed;2
O10661;1247;16630;1726;2787;2017-11-06;2021-10-15;2025-03-21;Completed;10
O10662;4798;9040;1240;4510;2019-01-15;2021-07-08;2024-12-26;Completed;2
O10663;1198;12280;1471;3659;2018-03-22;2020-12-26;2025-03-14;Completed;3
O10664;6380;15156;1592;2875;2016-12-24;2021-04-28;2026-11-10;Completed;9
O10665;1682;12127;1075;4325;2017-01-20;2021-06-02;2023-10-23;Completed;2
O10666;2587;9807;802;976;2016-06-24;2020-12-29;2025-01-12;Completed;4
O10667;4155;10890;920;2975;2016-04-22;2021-01-16;2022-08-22;Completed;5
O10668;6172;6458;1250;3328;2016-10-03;2021-03-14;2023-03-30;Completed;6
O10669;6409;7100;705;3399;2016-10-21;2021-01-19;2022-01-12;Completed;3
O10670;2570;7272;1921;2729;2019-08-30;2020-12-30;2025-07-16;Completed;9
O10671;6586;12518;1604;584;2019-06-04;2020-10-30;2026-01-22;Completed;9
O10672;5031;5556;1028;4331;2016-07-26;2021-04-22;2026-05-24;Completed;3
O10673;3433;17017;1754;550;2017-10-01;2021-04-19;2023-03-06;Completed;7
O10674;5371;9091;1621;1917;2019-10-24;2021-02-19;2026-05-10;Completed;9
O10675;6354;17440;1872;3242;2017-07-19;2020-04-24;2022-12-02;Completed;2
O10676;4633;3974;718;1833;2018-03-09;2020-10-21;2025-11-10;Pending;5
O10677;6063;2315;1142;1522;2017-02-11;2020-03-29;2023-07-02;Completed;4
O10678;4868;14581;788;2460;2017-05-25;2021-06-22;2025-10-28;Completed;3
O10679;4190;2119;979;4569;2016-09-25;2021-11-17;2026-12-18;Completed;7
O10680;4800;2868;975;4696;2018-06-03;2020-12-08;2022-04-15;Completed;1
O10681;5122;18607;1415;3351;2019-03-14;2021-03-20;2023-08-04;Pending;6
O10682;5415;14918;852;787;2017-07-11;2020-04-26;2023-12-17;Completed;3
O10683;5919;10957;1978;4056;2016-11-12;2020-05-23;2024-09-16;Completed;8
O10684;6595;12344;753;1895;2018-05-28;2020-02-28;2025-09-13;Completed;10
O10685;4313;11946;1354;2119;2019-10-21;2021-12-14;2024-07-20;Completed;6
O10686;1104;10862;820;3318;2018-11-05;2020-02-18;2023-08-18;Completed;10
O10687;4738;8132;1235;2248;2017-01-15;2021-07-29;2022-05-27;Completed;7
O10688;5524;6675;917;3937;2019-10-27;2021-09-25;2024-06-20;Completed;9
O10689;3482;17639;986;1002;2019-05-30;2020-10-16;2023-12-01;Completed;2
O10690;6603;10618;1850;3141;2016-12-29;2021-02-08;2022-12-02;Completed;9
O10691;4471;7694;1711;991;2019-03-22;2020-08-14;2022-03-07;Completed;4
O10692;6427;2660;1053;2363;2018-07-22;2020-12-14;2026-08-25;Pending;4
O10693;2201;13197;1975;2915;2018-11-22;2021-04-30;2023-01-09;Completed;4
O10694;5439;15726;1017;3237;2017-08-21;2020-02-09;2022-09-15;Completed;10
O10695;2334;2578;1190;2099;2016-04-03;2021-11-06;2022-07-23;Completed;9
O10696;2750;2386;933;1444;2019-04-21;2021-09-18;2023-02-04;Completed;1
O10697;1687;10731;1970;1351;2016-01-11;2021-12-27;2022-10-31;Completed;6
O10698;1297;8846;1812;1698;2016-04-21;2021-09-28;2024-10-26;Completed;8
O10699;4250;11260;1909;3571;2016-11-18;2020-06-08;2024-12-12;Completed;8
O10700;6701;18443;1649;595;2017-07-31;2021-12-28;2022-01-25;Pending;5
O10701;2268;2869;1668;2713;2019-06-06;2021-12-08;2024-09-12;Completed;2
O10702;3448;5549;1428;2298;2017-10-04;2021-05-27;2024-05-10;Completed;2
O10703;6175;18616;1240;4327;2017-07-23;2021-01-06;2025-03-23;Completed;8
O10704;3453;12855;1827;3843;2018-08-30;2021-05-19;2023-09-21;Completed;1
O10705;2710;7116;1726;3490;2016-02-27;2021-08-18;2024-11-09;Completed;9
O10706;5268;12541;2003;4097;2017-12-11;2021-10-30;2023-11-06;Completed;3
O10707;2130;3143;1748;4684;2019-03-16;2020-08-21;2025-03-30;Completed;1
O10708;2136;18034;1054;1419;2016-12-20;2020-07-29;2023-09-11;Completed;3
O10709;4721;10316;1005;1355;2017-10-23;2020-07-03;2023-11-24;Completed;7
O10710;3907;2979;1150;1759;2019-08-08;2021-03-12;2025-08-04;Completed;3
O10711;3571;5211;1499;1094;2018-04-27;2021-11-17;2025-10-02;Completed;9
O10712;4027;18700;916;1846;2018-07-30;2021-11-06;2022-09-10;Completed;8
O10713;3933;17055;1188;4623;2017-10-07;2021-02-18;2023-10-17;Completed;5
O10714;2023;11288;723;2017;2018-09-09;2021-04-16;2025-11-30;Completed;5
O10715;2242;6328;1440;4125;2017-05-07;2021-11-08;2022-09-20;Completed;6
O10716;2387;3265;889;2462;2016-09-12;2020-09-10;2026-07-29;Completed;8
O10717;4419;15402;1066;2696;2019-05-12;2020-04-12;2026-08-01;Completed;10
O10718;6125;5576;742;507;2018-10-19;2020-05-28;2022-01-01;Completed;6
O10719;4724;4045;1234;4113;2018-11-03;2021-03-31;2025-05-12;Completed;6
O10720;6551;6516;1045;507;2017-11-26;2020-08-07;2025-01-05;Completed;9
O10721;6601;10627;1631;2081;2016-07-07;2021-04-24;2026-08-04;Completed;2
O10722;5404;15766;1747;1594;2017-12-20;2020-07-31;2026-03-26;Completed;6
O10723;6702;18299;1386;3608;2016-06-11;2020-11-04;2022-03-18;Pending;8
O10724;3443;2394;1666;2947;2016-05-04;2020-03-07;2024-03-08;Completed;5
O10725;4830;6332;719;1723;2019-07-14;2021-01-15;2025-11-15;Completed;1
O10726;2099;3332;1161;3862;2016-10-13;2020-09-24;2026-04-29;Completed;9
O10727;6287;9198;882;3357;2019-12-07;2020-03-25;2023-12-07;Completed;4
O10728;3659;13800;1166;3480;2019-05-04;2020-01-25;2026-08-01;Completed;5
O10729;1225;17338;1036;1090;2019-03-01;2021-10-14;2024-06-12;Completed;3
O10730;1332;14117;1302;3116;2016-07-25;2020-03-22;2025-06-21;Completed;5
O10731;5767;2388;1184;2872;2017-05-16;2020-03-08;2025-07-03;Pending;2
O10732;5710;7489;1719;2425;2017-02-15;2020-02-25;2025-10-18;Completed;2
O10733;1469;12220;2003;4692;2018-01-03;2020-05-14;2024-05-05;Completed;8
O10734;1882;13911;1891;2718;2016-09-12;2020-05-28;2024-12-09;Completed;5
O10735;1961;7794;1267;4678;2016-01-12;2021-09-16;2025-05-02;Completed;5
O10736;1296;2298;1693;3655;2019-09-10;2021-04-15;2026-09-18;Completed;3
O10737;6679;12955;768;2720;2018-02-18;2020-03-02;2023-05-02;Completed;2
O10738;3442;11444;1656;4636;2017-05-28;2021-02-06;2024-05-04;Completed;2
O10739;6135;13179;895;1405;2017-08-06;2020-10-18;2023-02-02;Completed;7
O10740;3887;16946;1532;953;2017-07-12;2020-07-10;2024-02-21;Completed;4
O10741;1787;11546;1936;1094;2016-01-12;2020-02-09;2026-09-13;Completed;5
O10742;2950;7046;705;2359;2017-09-26;2020-02-21;2023-09-04;Pending;9
O10743;5262;3061;1580;2569;2016-02-21;2021-11-16;2023-08-31;Completed;3
O10744;2428;5599;1152;4215;2018-05-01;2020-07-22;2024-04-10;Completed;8
O10745;1601;18211;1687;3931;2017-01-10;2020-12-21;2023-05-07;Completed;5
O10746;2794;14908;881;4178;2016-07-05;2021-07-02;2025-03-08;Completed;6
O10747;4777;12789;1397;1396;2018-04-30;2021-10-04;2023-10-24;Completed;2
O10748;2213;17342;912;2849;2016-12-27;2021-10-25;2023-12-27;Completed;4
O10749;2235;9942;824;3411;2016-06-29;2020-03-13;2025-11-29;Completed;9
O10750;2199;14319;1856;1145;2018-10-28;2021-06-02;2022-04-27;Completed;10
O10751;5627;13249;1635;1268;2017-07-15;2021-08-27;2024-03-02;Completed;8
O10752;3645;4519;1481;528;2016-09-24;2021-02-09;2025-04-06;Completed;1
O10753;2950;5298;1149;891;2016-09-25;2021-06-14;2022-10-22;Completed;5
O10754;2565;6340;1750;2393;2019-04-21;2020-01-26;2022-12-05;Completed;8
O10755;3661;16815;1529;2165;2019-05-26;2020-02-14;2025-05-26;Completed;1
O10756;2299;7089;1849;1011;2019-01-23;2021-03-20;2024-08-14;Completed;9
O10757;1811;12538;879;1625;2016-11-30;2021-02-07;2025-10-05;Completed;6
O10758;6161;2269;1232;3610;2016-01-20;2020-02-29;2024-12-04;Completed;5
O10759;5627;2940;1824;1220;2016-11-15;2020-06-07;2023-01-25;Completed;9
O10760;1844;16024;1948;4678;2019-11-08;2021-03-16;2024-08-24;Completed;3
O10761;5828;14397;1318;1486;2019-09-01;2021-04-24;2024-03-20;Completed;1
O10762;2929;4099;938;1078;2019-05-07;2020-09-15;2025-01-30;Completed;2
O10763;1793;7670;1412;1128;2018-06-15;2021-12-28;2023-07-01;Completed;2
O10764;5270;5301;1063;4188;2018-08-01;2021-08-22;2022-11-14;Completed;3
O10765;2061;18701;1341;678;2019-05-29;2020-12-24;2026-07-03;Completed;7
O10766;4967;18280;1476;1448;2016-05-21;2021-06-27;2022-02-17;Completed;10
O10767;4271;10239;1376;1058;2016-11-30;2020-01-20;2024-02-07;Completed;2
O10768;2796;10395;1954;2208;2018-10-29;2020-03-07;2023-01-20;Completed;6
O10769;3155;17167;1152;658;2019-02-02;2020-03-30;2023-07-20;Completed;9
O10770;3654;12614;1586;3556;2016-03-07;2021-04-10;2025-12-02;Completed;5
O10771;4053;13195;1355;4625;2016-08-31;2020-06-08;2026-10-22;Completed;3
O10772;3000;18446;1432;3347;2016-10-27;2021-11-09;2024-04-03;Completed;8
O10773;3338;13737;895;3204;2017-10-07;2021-09-28;2022-03-30;Completed;2
O10774;1117;2553;941;1108;2018-09-08;2021-01-24;2025-03-13;Completed;2
O10775;1161;6630;1192;4367;2016-05-07;2021-07-03;2025-05-19;Completed;9
O10776;5199;16771;1445;3311;2017-01-20;2021-11-20;2026-02-12;Completed;10
O10777;1282;13038;1088;803;2019-03-26;2021-04-23;2026-03-11;Completed;8
O10778;2684;16971;1728;4609;2017-08-22;2021-03-24;2026-01-25;Completed;6
O10779;1980;4458;1411;3573;2018-07-30;2021-12-21;2022-11-30;Completed;10
O10780;3123;8352;1641;4159;2018-03-13;2021-04-24;2025-03-15;Completed;1
O10781;1516;17883;1225;3088;2019-10-24;2020-09-06;2026-07-28;Completed;7
O10782;1311;7215;1752;4179;2017-01-04;2021-09-10;2026-09-05;Completed;3
O10783;1484;11608;1197;742;2018-08-17;2020-06-10;2024-11-15;Completed;6
O10784;5012;4628;1002;3496;2018-11-06;2021-01-08;2026-07-25;Completed;8
O10785;1211;17495;1889;896;2019-05-03;2021-07-08;2025-12-13;Completed;9
O10786;5447;10276;913;1797;2016-10-16;2020-04-24;2023-05-10;Completed;4
O10787;4422;16626;1937;3833;2018-01-27;2021-01-21;2024-07-11;Completed;10
O10788;1418;2061;1780;1628;2017-11-06;2020-06-09;2026-04-22;Completed;9
O10789;6298;17743;1450;4120;2019-03-17;2021-06-07;2024-02-10;Completed;4
O10790;1067;12005;1930;4394;2018-06-01;2020-03-22;2022-03-12;Completed;2
O10791;1765;18514;1516;3786;2018-07-12;2021-08-19;2026-11-24;Completed;5
O10792;2771;9163;1035;4229;2019-06-13;2021-10-24;2023-04-15;Completed;3
O10793;3062;15215;1112;3612;2019-03-03;2021-03-23;2023-10-24;Completed;5
O10794;3632;17679;1541;3206;2018-05-22;2020-10-25;2024-10-20;Completed;9
O10795;3580;8263;1714;3843;2018-03-30;2021-06-05;2026-05-13;Completed;1
O10796;5797;16266;1844;4016;2019-05-18;2020-09-14;2024-10-21;Completed;4
O10797;1238;10228;1630;1426;2019-06-01;2020-02-28;2023-04-21;Completed;1
O10798;6475;4425;1239;3762;2018-12-29;2021-04-16;2024-12-03;Completed;8
O10799;1299;13617;1251;1992;2019-02-24;2020-02-03;2024-04-23;Completed;5
O10800;3300;15765;1915;3852;2019-03-12;2021-10-28;2023-08-17;Completed;5
O10801;5725;7849;958;4636;2018-04-04;2021-03-25;2026-05-24;Completed;2
O10802;4933;7168;1578;4090;2016-03-26;2021-10-20;2026-09-19;Completed;6
O10803;6585;8052;1021;2834;2019-10-10;2021-03-13;2026-10-10;Completed;10
O10804;1467;14155;1141;1744;2016-08-11;2021-06-16;2024-04-08;Completed;9
O10805;4982;13295;1499;1236;2018-06-01;2021-02-02;2024-04-08;Completed;4
O10806;5071;2150;1630;3230;2016-04-09;2021-06-23;2026-12-20;Completed;10
O10807;5852;3241;1598;2018;2019-05-28;2020-04-03;2025-04-13;Completed;4
O10808;6519;12764;1157;1164;2018-04-28;2020-02-29;2022-09-08;Completed;6
O10809;2388;12806;1052;1903;2018-10-31;2021-10-13;2023-11-06;Pending;8
O10810;2777;14172;1472;1826;2016-10-11;2021-05-24;2023-01-19;Completed;5
O10811;2533;11517;811;1316;2019-11-28;2020-03-21;2023-12-16;Completed;1
O10812;5302;11923;926;1859;2019-12-08;2020-10-22;2024-04-07;Completed;9
O10813;2491;17594;1351;4311;2019-10-20;2021-04-03;2022-06-14;Completed;4
O10814;6205;13508;947;1749;2017-08-10;2021-01-22;2026-06-05;Completed;6
O10815;2762;5596;1427;2566;2017-07-31;2020-10-05;2022-02-05;Completed;2
O10816;2741;7626;1037;2330;2016-04-11;2020-08-10;2022-01-06;Pending;6
O10817;1202;3716;1487;4293;2019-12-08;2021-06-15;2022-11-30;Pending;2
O10818;3491;13920;1569;849;2016-12-07;2020-07-23;2024-02-26;Completed;6
O10819;1237;16272;1259;2861;2018-02-20;2021-03-29;2024-02-22;Completed;3
O10820;2308;16576;1447;1386;2016-04-10;2021-06-13;2023-09-06;Completed;3
O10821;1931;11687;1095;4041;2017-11-13;2021-12-25;2025-04-17;Completed;4
O10822;5944;12941;1116;828;2016-01-05;2021-11-09;2022-12-05;Completed;5
O10823;3803;2440;1922;2501;2016-09-04;2020-05-09;2024-05-15;Completed;1
O10824;3427;3338;891;840;2018-08-27;2020-10-11;2024-08-29;Completed;2
O10825;5046;11654;743;3145;2017-10-23;2021-01-12;2023-05-21;Completed;7
O10826;5361;3043;844;3204;2018-04-02;2021-12-02;2025-03-26;Pending;7
O10827;5516;7020;1747;2128;2019-01-05;2020-10-05;2026-03-27;Completed;5
O10828;5898;3203;860;3522;2016-06-26;2020-04-03;2025-11-04;Completed;4
O10829;2832;6133;1939;3502;2018-10-21;2020-08-02;2022-09-02;Pending;4
O10830;2768;10857;915;1183;2016-01-08;2021-07-27;2023-07-01;Completed;2
O10831;3335;8092;1016;4262;2017-08-04;2020-12-07;2025-06-19;Completed;1
O10832;6046;17235;1126;3663;2018-10-12;2020-08-01;2022-03-20;Completed;5
O10833;2943;15743;1095;2324;2017-02-19;2021-01-12;2025-05-24;Completed;6
O10834;6563;7325;1654;3286;2019-02-10;2020-09-10;2022-09-15;Completed;8
O10835;3455;12458;1867;1818;2018-04-08;2021-02-23;2026-04-25;Completed;3
O10836;5008;7641;1699;3535;2017-03-07;2021-05-31;2022-02-07;Completed;4
O10837;1268;7923;890;2853;2017-06-30;2021-08-05;2022-03-31;Completed;5
O10838;6520;14844;926;1801;2018-10-08;2020-06-13;2022-09-02;Completed;6
O10839;2922;8475;1300;1593;2018-08-03;2020-01-20;2023-11-06;Completed;9
O10840;3623;3491;1057;2958;2019-05-22;2020-03-29;2025-03-12;Completed;10
O10841;3997;7886;1177;2238;2018-10-07;2021-04-19;2023-04-16;Completed;7
O10842;4640;2307;1653;2911;2019-01-19;2020-01-05;2023-07-26;Completed;9
O10843;2546;16694;1239;3345;2018-12-13;2020-02-09;2026-06-18;Completed;3
O10844;1726;9746;1430;3622;2016-07-08;2020-02-03;2025-03-04;Completed;3
O10845;2401;17406;1341;4040;2018-09-14;2020-03-12;2026-07-09;Completed;10
O10846;3894;12670;2012;2907;2018-11-28;2021-12-08;2024-02-02;Completed;1
O10847;2852;15949;808;803;2017-08-19;2021-12-29;2022-10-19;Completed;9
O10848;5216;7513;1437;2925;2016-05-27;2020-06-16;2026-03-28;Completed;9
O10849;5928;17823;721;1563;2017-10-04;2021-03-27;2024-04-19;Completed;5
O10850;3482;15403;1732;4023;2019-11-27;2021-10-03;2025-09-20;Completed;7
O10851;4430;9274;812;4560;2018-11-06;2020-01-02;2026-12-21;Pending;8
O10852;6355;7352;1123;614;2018-12-19;2021-03-06;2023-04-03;Completed;7
O10853;1070;13069;1142;4519;2017-09-03;2021-04-01;2022-05-19;Pending;4
O10854;2443;10379;1595;4093;2016-09-10;2020-03-31;2025-04-30;Completed;4
O10855;4163;5770;1948;2722;2016-12-26;2020-11-21;2023-01-03;Completed;5
O10856;3020;17399;792;3670;2018-09-26;2020-04-09;2024-08-30;Completed;3
O10857;2504;15835;1682;979;2017-01-25;2020-03-01;2025-02-25;Completed;3
O10858;1333;17047;1133;4604;2019-07-25;2020-11-24;2023-03-28;Completed;9
O10859;1609;12534;1935;2637;2017-04-11;2020-04-26;2023-02-13;Completed;10
O10860;1699;8257;700;2303;2019-11-03;2020-02-09;2026-11-24;Completed;1
O10861;5850;7731;1774;1877;2017-01-17;2021-01-04;2024-08-07;Pending;2
O10862;2427;18450;1126;768;2018-11-16;2020-09-26;2023-03-02;Completed;3
O10863;3823;14488;1879;2978;2018-05-22;2021-12-11;2025-02-05;Completed;10
O10864;3011;16860;1441;1237;2016-03-25;2021-02-07;2024-05-14;Pending;4
O10865;1240;17890;1800;1116;2018-01-21;2020-05-01;2023-01-15;Completed;9
O10866;2815;18551;1561;3949;2018-10-08;2020-01-07;2026-12-15;Pending;6
O10867;5118;15963;1504;3214;2018-01-23;2021-07-01;2023-05-25;Completed;2
O10868;4173;9727;1050;2323;2018-10-11;2021-02-14;2026-05-20;Completed;10
O10869;4527;11143;1879;4355;2017-12-02;2020-01-22;2025-05-10;Completed;9
O10870;2945;6621;889;1179;2019-04-14;2020-01-18;2022-05-04;Completed;5
O10871;2685;9659;1618;2777;2019-06-22;2020-02-23;2026-10-02;Completed;1
O10872;3378;16122;1877;4633;2019-09-02;2020-09-29;2023-02-26;Completed;3
O10873;5461;7405;1122;3452;2017-01-07;2021-06-19;2025-07-21;Completed;9
O10874;4025;12975;1146;2317;2018-01-12;2020-05-04;2022-02-11;Pending;4
O10875;4864;9151;777;3943;2018-01-21;2020-07-02;2025-12-16;Pending;6
O10876;1753;14493;743;3647;2018-02-15;2021-10-09;2026-01-13;Completed;2
O10877;1419;13386;1241;3416;2018-04-25;2021-10-24;2022-11-10;Completed;3
O10878;5730;5800;1136;3754;2019-06-11;2020-11-26;2022-05-22;Completed;8
O10879;1093;4963;1412;3222;2019-04-02;2020-08-04;2024-02-17;Completed;9
O10880;2253;8003;1072;2631;2018-10-18;2020-01-08;2023-02-12;Completed;8
O10881;6049;8002;1917;3760;2018-01-03;2020-05-04;2026-11-12;Pending;10
O10882;3160;14806;1398;597;2018-09-06;2021-06-24;2023-07-03;Completed;10
O10883;1738;2789;1769;2238;2016-08-07;2021-05-27;2022-08-23;Completed;10
O10884;6716;15323;1824;2804;2018-07-27;2020-07-11;2023-01-19;Pending;9
O10885;6583;5756;1207;3632;2016-06-01;2021-02-25;2026-08-04;Completed;4
O10886;2773;15757;1308;3242;2016-02-21;2021-05-27;2026-02-26;Completed;7
O10887;1606;13638;1502;3977;2019-07-16;2020-01-13;2026-07-05;Completed;7
O10888;2864;18140;940;1552;2016-05-19;2020-09-06;2022-09-28;Completed;2
O10889;5682;7980;1024;2984;2017-01-12;2021-02-20;2023-12-16;Completed;10
O10890;2182;18490;1224;3540;2017-10-01;2020-05-31;2024-08-23;Completed;8
O10891;6014;12696;1618;4428;2017-02-08;2021-01-31;2023-04-09;Completed;2
O10892;5087;3126;713;931;2016-11-27;2021-11-05;2024-09-18;Completed;1
O10893;2619;7639;873;1800;2016-04-21;2020-06-29;2026-03-24;Completed;8
O10894;2925;17379;1430;1082;2019-09-10;2021-05-12;2026-05-17;Completed;2
O10895;1363;5500;1154;3019;2017-07-08;2021-10-22;2025-03-28;Completed;5
O10896;5269;16775;1456;1478;2019-07-01;2021-11-15;2022-04-24;Completed;2
O10897;2498;18253;2016;1720;2016-12-17;2021-10-11;2026-04-11;Completed;7